date,temperature_2m_mean,temperature_2m_max,temperature_2m_min,precipitation_sum,et0_fao_evapotranspiration,shortwave_radiation_sum,windspeed_10m_max,temp_anomaly,aridity_index,water_balance,cumulative_water_balance,temp_rolling_12m,precip_rolling_12m
2002-01-01,9.935483870967742,15.038709677419355,6.025806451612904,46.0,1.5993548387096774,10.373870967741935,14.564516129032258,-7.890859741389496,0.03469316352949409,44.40064516129032,44.40064516129032,,
2002-02-01,11.146428571428572,16.353571428571428,6.753571428571428,12.3,2.3160714285714286,14.135000000000002,16.396428571428572,-6.679915040928666,0.18677995391705068,9.983928571428573,54.38457373271889,,
2002-03-01,13.435483870967742,18.4,9.148387096774194,39.300000000000004,3.1729032258064516,18.416451612903224,21.129032258064516,-4.390859741389496,0.08053053872605206,36.127096774193554,90.51167050691245,,
2002-04-01,14.866666666666667,19.743333333333332,10.046666666666665,28.2,3.9530000000000003,22.984333333333332,19.91,-2.959676945690571,0.13968197879858657,24.247,114.75867050691245,,
2002-05-01,18.858064516129033,24.351612903225806,13.329032258064515,23.4,5.231290322580644,26.184516129032257,22.148387096774194,1.0317209037717952,0.22260809883321891,18.168709677419354,132.9273801843318,,
2002-06-01,23.576666666666664,29.233333333333334,17.923333333333336,1.2999999999999998,6.163,26.882333333333335,19.436666666666667,5.750323054309426,4.402142857142858,-4.863,128.0643801843318,,
2002-07-01,24.39032258064516,29.69677419354839,19.22258064516129,1.9000000000000001,5.928064516129033,26.728387096774195,18.05806451612903,6.563978968287923,2.9640322580645164,-4.0280645161290325,124.03631566820277,,
2002-08-01,24.451612903225808,29.51290322580645,19.816129032258065,35.1,5.050645161290323,23.156129032258065,16.980645161290322,6.6252692908685695,0.14348423753665687,30.04935483870968,154.08567050691246,,
2002-09-01,22.716666666666665,27.743333333333332,18.15,21.299999999999997,4.441333333333334,20.090333333333334,17.956666666666667,4.890323054309427,0.20753894080996887,16.858666666666664,170.94433717357913,,
2002-10-01,19.703225806451613,25.370967741935484,15.183870967741935,21.8,3.5041935483870965,15.686129032258064,19.17096774193548,1.8768821940943745,0.1600088378258948,18.295806451612904,189.24014362519205,,
2002-11-01,15.2,19.2,11.946666666666665,127.5,2.0856666666666666,9.308,22.216666666666665,-2.626343612357239,0.016345350052246604,125.41433333333333,314.6544769585254,,
2002-12-01,12.970967741935485,16.654838709677417,9.922580645161291,99.7,1.7096774193548387,8.22741935483871,21.448387096774194,-4.855375870421753,0.01713103626608055,97.99032258064517,412.64479953917055,17.604299155145927,457.8
2003-01-01,10.925806451612903,13.838709677419354,8.574193548387097,189.6,1.6767741935483873,8.358709677419355,25.76774193548387,-6.900537160744335,0.008839083782542896,187.9232258064516,600.5680253456221,17.68682603686636,601.4
2003-02-01,9.971428571428572,13.675,6.767857142857143,109.6,1.9789285714285716,12.174999999999999,19.99285714285714,-7.854915040928667,0.018039458262794638,107.62107142857143,708.1890967741936,17.58890937019969,698.7
2003-03-01,13.096774193548388,17.903225806451612,8.90967741935484,21.2,2.923548387096774,18.159032258064517,17.93548387096774,-4.72956941880885,0.1372557928214448,18.276451612903227,726.4655483870968,17.560683563748082,680.6
2003-04-01,14.936666666666667,19.276666666666664,11.023333333333333,112.9,3.4436666666666667,21.216,19.19333333333333,-2.889676945690571,0.030474926253687317,109.45633333333333,835.9218817204301,17.566516897081414,765.3000000000001
2003-05-01,17.42258064516129,21.883870967741935,13.09032258064516,53.1,4.094516129032258,24.488709677419354,17.90967741935484,-0.4037629671959486,0.0769645888915838,49.005483870967744,884.9273655913978,17.446893241167434,795.0
2003-06-01,24.516666666666666,30.040000000000003,18.71333333333333,0.4,5.8469999999999995,26.999333333333333,16.686666666666667,6.690323054309427,11.693999999999999,-5.446999999999999,879.4803655913978,17.525226574500767,794.1
2003-07-01,27.187096774193545,32.57741935483871,21.738709677419354,0.0,6.359354838709678,26.67290322580645,18.374193548387098,9.360753161836307,63.59354838709678,-6.359354838709678,873.1210107526881,17.7582910906298,792.2
2003-08-01,27.845161290322583,33.483870967741936,22.187096774193545,0.2,5.946774193548387,23.77064516129032,17.86774193548387,10.018817677965345,19.822580645161285,-5.7467741935483865,867.3742365591397,18.04108678955453,757.3
2003-09-01,23.233333333333334,28.19,18.946666666666665,16.1,4.217333333333333,19.053333333333335,17.923333333333336,5.406989720976096,0.26032921810699583,11.882666666666669,879.2569032258064,18.084142345110088,752.1
2003-10-01,19.73225806451613,24.02258064516129,16.358064516129033,84.89999999999999,2.7912903225806454,13.227741935483872,17.812903225806455,1.9059144521588927,0.032838709677419364,82.10870967741934,961.3656129032257,18.0865616999488,815.2
2003-11-01,15.256666666666666,19.45,11.973333333333333,62.7,2.1083333333333334,9.925666666666666,19.243333333333332,-2.5696769456905724,0.033572186836518046,60.59166666666667,1021.9572795698924,18.09128392217102,750.4
2003-12-01,11.13225806451613,14.816129032258065,8.238709677419354,138.4,1.5612903225806452,8.173225806451613,21.73225806451613,-6.694085547841109,0.011272854314661698,136.83870967741936,1158.7959892473118,17.938058115719407,789.1000000000001
2004-01-01,11.03225806451613,15.103225806451613,7.635483870967741,73.5,1.6803225806451614,9.81225806451613,19.103225806451615,-6.794085547841108,0.022830469845722304,71.81967741935483,1230.6156666666666,17.94692908346134,673.0
2004-02-01,11.37241379310345,16.29310344827586,7.362068965517241,31.9,2.18448275862069,13.681034482758621,18.089655172413792,-6.453929819253789,0.06826508620689656,29.71551724137931,1260.331183908046,18.063677851934248,595.3000000000001
2004-03-01,12.416129032258064,16.980645161290322,8.516129032258064,55.6,2.633870967741936,17.215806451612906,18.10967741935484,-5.410214580099174,0.047286731916372275,52.96612903225807,1313.297312940304,18.00695742182672,629.7
2004-04-01,14.246666666666666,18.746666666666666,10.026666666666667,79.1,3.6493333333333333,21.812333333333335,22.026666666666664,-3.579676945690572,0.046077441077441085,75.45066666666666,1388.7479796069706,17.94945742182672,595.9
2004-05-01,15.974193548387097,19.806451612903224,12.306451612903226,122.0,3.6503225806451614,21.460645161290323,21.580645161290324,-1.8521500639701411,0.029896171831655705,118.34967741935483,1507.0976570263254,17.82875849709554,664.8
2004-06-01,21.89333333333333,27.136666666666667,16.37333333333333,2.0,5.432666666666666,27.011333333333333,17.836666666666666,4.066989720976093,2.5869841269841265,-3.432666666666666,1503.6649903596588,17.610147385984426,666.4
2004-07-01,24.741935483870968,30.23548387096774,19.374193548387098,0.1,6.029032258064516,26.94516129032258,19.693548387096776,6.91559187151373,30.14516129032258,-5.929032258064517,1497.7359581015942,17.406383945124215,666.5
2004-08-01,26.29032258064516,31.625806451612902,21.27741935483871,2.6,5.7383870967741935,24.065806451612904,19.43548387096774,8.463978968287922,2.125328554360812,-3.1383870967741934,1494.5975710048199,17.276814052651094,668.9000000000001
2004-09-01,23.92,29.33,19.013333333333332,4.0,4.616666666666666,19.487666666666666,18.006666666666668,6.093656387642763,1.1260162601626016,-0.6166666666666663,1493.9809043381533,17.334036274873316,656.8000000000001
2004-10-01,20.9,26.538709677419355,16.429032258064517,36.4,3.527741935483871,14.396451612903226,18.1,3.0736563876427603,0.09665046398585948,32.872258064516124,1526.8531624026693,17.431348102830302,608.3000000000001
2004-11-01,12.796666666666665,16.973333333333333,9.593333333333334,68.7,1.6786666666666668,9.922333333333334,14.963333333333333,-5.029676945690573,0.024399224806201554,67.02133333333333,1593.8744957360027,17.226348102830304,614.3000000000001
2004-12-01,11.470967741935485,15.141935483870967,8.629032258064516,127.1,1.5148387096774194,8.096129032258064,20.516129032258064,-6.355375870421753,0.011909109352809902,125.58516129032257,1719.4596570263252,17.25457390928192,603.0
2005-01-01,7.741935483870968,12.635483870967741,3.7225806451612904,77.7,1.4487096774193546,10.356451612903227,16.04516129032258,-10.08440812848627,0.01862094701053155,76.25129032258064,1795.7109473489058,16.980380360894824,607.2
2005-02-01,8.142857142857142,12.114285714285714,4.814285714285715,97.3,1.912857142857143,12.247857142857143,19.114285714285717,-9.683486469500096,0.019639190378410096,95.38714285714285,1891.0980902060487,16.711250640040962,672.6
2005-03-01,12.051612903225807,17.05483870967742,7.887096774193548,59.8,2.6564516129032256,17.09451612903226,18.39032258064516,-5.774730709131431,0.04434810706015402,57.14354838709677,1948.2416385931456,16.68087429595494,676.8
2005-04-01,14.903333333333334,19.796666666666667,10.616666666666667,22.2,3.7263333333333337,22.237333333333332,20.4,-2.923010279023904,0.1671001494768311,18.473666666666666,1966.7153052598123,16.735596518177164,619.9
2005-05-01,19.22258064516129,24.700000000000003,13.72258064516129,3.3,4.994193548387097,26.08483870967742,18.561290322580643,1.396237032804052,1.4688804554079697,-1.694193548387097,1965.0211117114252,17.00629544290835,501.2
2005-06-01,23.243333333333332,28.779999999999998,17.626666666666665,0.0,5.8870000000000005,27.258666666666667,18.36,5.416989720976094,58.870000000000005,-5.8870000000000005,1959.1341117114252,17.118795442908347,499.20000000000005
2005-07-01,25.629032258064516,31.248387096774195,20.148387096774194,0.5,6.368709677419355,27.122258064516128,20.13225806451613,7.802688645707278,10.614516129032259,-5.868709677419355,1953.265402034006,17.19272017409114,499.6
2005-08-01,24.64516129032258,29.95483870967742,19.503225806451614,3.7,5.491935483870968,23.919032258064515,18.432258064516127,6.818817677965342,1.445246179966044,-1.7919354838709678,1951.473466550135,17.055623399897595,500.7
2005-09-01,21.90666666666667,27.013333333333332,17.42,20.1,4.195666666666667,19.35,18.91,4.0803230543094315,0.20770627062706268,15.904333333333334,1967.3777998834685,16.887845622119816,516.8
2005-10-01,19.35483870967742,24.480645161290322,15.47741935483871,37.6,3.029677419354839,14.351612903225806,16.738709677419354,1.5284950973201816,0.08036279626935912,34.57032258064516,2001.9481224641136,16.7590821812596,518.0
2005-11-01,13.65,17.783333333333335,10.41,89.6,1.8683333333333332,9.710333333333333,18.276666666666664,-4.176343612357238,0.020828688219992567,87.73166666666665,2089.67978913078,16.830193292370712,538.9
2005-12-01,10.46774193548387,14.35483870967742,7.270967741935484,80.1,1.4980645161290322,8.70032258064516,18.14516129032258,-7.358601676873368,0.018679108679913122,78.60193548387096,2168.281724614651,16.746591141833076,491.9
2006-01-01,9.383870967741935,13.151612903225805,6.338709677419355,78.4,1.476451612903226,8.75258064516129,17.616129032258065,-8.442472644615304,0.01880830080131498,76.92354838709679,2245.2052730017476,16.883419098822326,492.6
2006-02-01,9.739285714285714,14.175,6.45,95.3,1.9878571428571428,12.575714285714286,19.039285714285715,-8.087057898071524,0.020837076969152442,93.31214285714286,2338.5174158588907,17.016454813108037,490.6
2006-03-01,13.229032258064517,17.799999999999997,8.983870967741936,22.7,3.1390322580645162,18.699032258064516,21.883870967741935,-4.597311354292721,0.13767685342388228,19.56096774193548,2358.0783836008263,17.114573092677933,453.5
2006-04-01,16.7,21.759999999999998,11.96,37.3,4.03,22.355999999999998,18.736666666666668,-1.126343612357239,0.10775401069518718,33.269999999999996,2391.3483836008263,17.264295314900156,468.6
2006-05-01,20.200000000000003,24.983870967741936,15.706451612903225,76.8,4.449354838709677,23.500967741935483,19.61935483870968,2.3736563876427645,0.05785897059440413,72.35064516129032,2463.6990287621165,17.34574692780338,542.1
2006-06-01,23.183333333333334,28.529999999999998,17.64333333333333,2.1,5.932333333333333,25.621333333333332,19.34333333333333,5.356989720976095,2.6965151515151513,-3.832333333333333,2459.8666954287833,17.34074692780338,544.1999999999999
2006-07-01,26.503225806451614,32.3741935483871,20.287096774193547,0.0,6.392258064516129,27.16516129032258,17.483870967741936,8.676882194094375,63.92258064516129,-6.392258064516129,2453.474437364267,17.413596390168973,543.6999999999999
2006-08-01,25.225806451612904,30.55806451612903,20.216129032258067,1.9,5.712580645161291,24.540967741935482,19.741935483870968,7.399462839255666,2.8562903225806453,-3.8125806451612907,2449.661856719106,17.461983486943165,541.9000000000001
2006-09-01,23.033333333333335,28.35,18.46333333333333,27.3,4.429333333333333,19.632,17.426666666666666,5.206989720976097,0.16165450121654498,22.87066666666667,2472.5325233857725,17.555872375832056,549.1
2006-10-01,21.06451612903226,26.719354838709677,16.448387096774194,12.299999999999999,3.5558064516129035,15.506129032258064,15.899999999999999,3.2381725166750215,0.2867585848074923,8.744193548387095,2481.2767169341596,17.698345494111624,523.8
2006-11-01,16.64,21.740000000000002,12.753333333333334,20.3,2.5776666666666666,11.122666666666667,16.766666666666666,-1.1863436123572377,0.12635620915032678,17.722333333333335,2498.9990502674927,17.94751216077829,454.5
2006-12-01,12.019354838709678,15.570967741935483,9.316129032258065,122.7,1.4483870967741934,7.481290322580644,18.92258064516129,-5.806988773647561,0.011794683198486918,121.2516129032258,2620.2506631707183,18.07681323604711,497.1
2007-01-01,10.883870967741935,16.23548387096774,6.883870967741935,9.9,1.6809677419354838,10.204193548387096,14.406451612903224,-6.942472644615304,0.16809677419354838,8.219032258064516,2628.469695428783,18.201813236047105,428.59999999999997
2007-02-01,12.9,16.939285714285713,9.617857142857144,77.4,2.330714285714286,13.005357142857141,22.557142857142857,-4.926343612357238,0.030073732718894013,75.06928571428573,2703.5389811430687,18.465206093189966,410.7
2007-03-01,12.070967741935483,16.303225806451614,8.55483870967742,147.8,2.7051612903225806,16.966129032258067,22.25483870967742,-5.755375870421755,0.018290475255730767,145.09483870967742,2848.633819852746,18.36870071684588,535.8
2007-04-01,14.71,18.666666666666668,11.34,125.5,3.0513333333333335,19.666666666666668,19.31,-3.1163436123572374,0.024294055201698517,122.44866666666667,2971.0824865194127,18.202867383512544,624.0
2007-05-01,18.4741935483871,23.387096774193548,13.44516129032258,9.2,4.7051612903225815,25.46741935483871,17.62258064516129,0.6478499360298606,0.5059313215400626,4.494838709677418,2975.57732522909,18.05905017921147,556.4
2007-06-01,21.529999999999998,26.43,16.613333333333333,0.0,5.280666666666667,27.084333333333333,18.126666666666665,3.7036563876427593,52.806666666666665,-5.280666666666667,2970.2966585624235,17.921272401433693,554.3000000000001
2007-07-01,25.12258064516129,30.648387096774194,19.612903225806452,0.30000000000000004,6.275483870967742,27.570967741935487,18.364516129032257,7.296237032804051,15.688709677419354,-5.975483870967742,2964.321174691456,17.80621863799283,554.6
2007-08-01,26.26451612903226,32.16451612903226,21.125806451612902,2.5999999999999996,5.805806451612903,23.979032258064517,18.63225806451613,8.43817251667502,2.150298685782557,-3.2058064516129035,2961.115368239843,17.892777777777777,555.3
2007-09-01,22.876666666666665,27.783333333333335,18.84,30.1,4.426666666666667,18.887666666666668,19.78666666666667,5.050323054309427,0.1465783664459161,25.673333333333336,2986.7887015731762,17.879722222222224,558.1
2007-10-01,18.809677419354838,22.919354838709676,15.432258064516128,132.0,2.6812903225806455,13.67225806451613,18.200000000000003,0.9833338069975994,0.02029742863422139,129.31870967741935,3116.1074112505958,17.69181899641577,677.8000000000001
2007-11-01,12.92,16.943333333333335,9.786666666666667,141.79999999999998,1.6956666666666667,9.958,15.54,-4.906343612357238,0.011949729856706602,140.10433333333333,3256.211744583929,17.38181899641577,799.3
2007-12-01,10.59032258064516,14.361290322580645,7.522580645161291,47.6,1.476451612903226,8.675806451612903,15.606451612903227,-7.2360210317120774,0.030952864002164064,46.123548387096776,3302.335292971026,17.262732974910396,724.1999999999999
2008-01-01,10.45483870967742,15.345161290322581,6.661290322580645,25.400000000000002,1.614516129032258,10.536451612903226,14.712903225806452,-7.371504902679819,0.06331435800126502,23.785483870967745,3326.1207768419936,17.22698028673835,739.6999999999999
2008-02-01,11.437931034482759,16.348275862068967,7.337931034482759,22.0,2.2479310344827583,13.471379310344828,16.30344827586207,-6.38841257787448,0.10171633640193475,19.752068965517243,3345.8728458075107,17.10514120627858,684.3
2008-03-01,12.783870967741937,17.419354838709676,8.551612903225807,50.2,3.117096774193548,18.14548387096774,22.383870967741935,-5.042472644615302,0.06197011479510035,47.082903225806454,3392.9557490333173,17.16454980842912,586.7
2008-04-01,15.576666666666666,20.813333333333333,10.466666666666667,20.0,4.229666666666667,23.512999999999998,19.966666666666665,-2.249676945690572,0.21043117744610282,15.770333333333333,3408.7260823666506,17.23677203065134,481.2
2008-05-01,17.61935483870968,21.893548387096775,13.780645161290321,67.9,3.9803225806451614,22.260967741935485,20.36774193548387,-0.2069887736475593,0.05853415559772296,63.91967741935484,3472.6457597860053,17.165535471511557,539.9
2008-06-01,21.60666666666667,26.84333333333333,16.253333333333334,13.299999999999999,5.433666666666666,26.92233333333333,18.346666666666668,3.780323054309431,0.40549751243781096,7.8663333333333325,3480.5120931193387,17.171924360400446,553.2
2008-07-01,25.887096774193548,31.51290322580645,20.44193548387097,0.4,6.056774193548387,26.524838709677418,18.551612903225806,8.06075316183631,12.113548387096774,-5.656774193548387,3474.8553189257905,17.2356340378198,553.3000000000001
2008-08-01,25.874193548387098,31.493548387096773,20.483870967741936,9.700000000000001,5.668709677419354,24.63935483870968,17.938709677419357,8.04784993602986,0.5784397630019749,4.031290322580647,3478.8866092483713,17.203107156099367,560.4
2008-09-01,23.316666666666666,28.14333333333333,19.23,65.2,4.326666666666667,17.72233333333333,18.976666666666667,5.490323054309428,0.06625829504849413,60.873333333333335,3539.7599425817048,17.239773822766036,595.5
2008-10-01,19.02258064516129,23.432258064516127,15.464516129032257,105.9,2.730967741935484,13.887419354838709,16.538709677419355,1.1962370328040528,0.025763846622032866,103.16903225806452,3642.928974839769,17.25751575824991,569.4
2008-11-01,13.18,17.006666666666668,10.056666666666667,148.9,2.0506666666666664,10.289666666666667,20.866666666666667,-4.646343612357239,0.013762863534675613,146.84933333333333,3789.7783081731022,17.279182424916574,576.5
2008-12-01,10.074193548387097,13.83548387096774,7.238709677419355,141.4,1.3983870967741936,7.8670967741935485,20.474193548387095,-7.7521500639701415,0.009882594323492535,140.0016129032258,3929.779921076328,17.2361716722284,670.3000000000001
2009-01-01,10.490322580645161,13.858064516129032,7.625806451612903,122.0,1.609032258064516,8.821935483870968,24.32903225806452,-7.336021031712077,0.013177987371535757,120.39096774193548,4050.1708888182634,17.239128661475714,766.9000000000001
2009-02-01,10.107142857142858,14.492857142857144,6.382142857142857,20.5,2.3592857142857144,13.858928571428573,21.5,-7.719200755214381,0.11452843273231622,18.140714285714285,4068.3116031039776,17.12822964669739,765.4000000000001
2009-03-01,11.82258064516129,16.88064516129032,7.264516129032257,59.9,2.86741935483871,18.411612903225805,19.80322580645161,-6.003762967195948,0.04779032258064517,57.03258064516129,4125.344183749139,17.04812211981567,775.1
2009-04-01,13.516666666666667,17.766666666666666,9.693333333333333,80.1,3.2796666666666665,20.89,19.59,-4.309676945690571,0.040893599334995846,76.82033333333332,4202.164517082472,16.876455453149003,835.2
2009-05-01,19.274193548387096,24.42258064516129,14.035483870967743,31.7,5.022903225806452,25.917096774193546,17.6,1.4478499360298578,0.1579529316291337,26.677096774193547,4228.841613856665,17.014358678955453,799.0
2009-06-01,23.540000000000003,29.25,17.533333333333335,0.0,6.248333333333333,28.361,17.62,5.713656387642764,62.48333333333333,-6.248333333333333,4222.593280523332,17.175469790066565,785.6999999999999
2009-07-01,26.990322580645163,32.561290322580646,21.258064516129032,0.9,6.259354838709677,27.13,16.03548387096774,9.163978968287925,6.259354838709677,-5.3593548387096765,4217.233925684623,17.26740527393753,786.2
2009-08-01,26.13225806451613,31.361290322580647,21.241935483870968,3.7,5.526451612903226,23.845806451612905,18.30322580645161,8.305914452158891,1.4543293718166383,-1.8264516129032256,4215.40747407172,17.28891065028162,780.2
2009-09-01,21.823333333333334,26.290000000000003,18.10666666666667,81.9,3.853333333333333,18.483666666666668,17.773333333333333,3.996989720976096,0.046991869918699185,78.04666666666667,4293.454140738387,17.164466205837176,796.9
2009-10-01,18.77741935483871,23.793548387096774,14.596774193548388,24.9,3.0703225806451617,14.998064516129032,15.709677419354838,0.9510757424814713,0.12281290322580647,21.829677419354837,4315.283818157742,17.14403609831029,715.9000000000001
2009-11-01,15.733333333333333,20.953333333333333,11.996666666666666,56.199999999999996,2.5203333333333333,11.122000000000002,19.073333333333334,-2.093010279023906,0.04476613380698639,53.67966666666666,4368.963484824409,17.35681387608807,623.1999999999999
2009-12-01,13.093548387096773,17.419354838709676,9.603225806451613,106.2,1.9258064516129034,8.166129032258064,22.73225806451613,-4.732795225260466,0.018116711680271905,104.2741935483871,4473.237678372796,17.608426779313877,588.0
2010-01-01,11.429032258064517,15.029032258064515,8.264516129032257,78.0,1.8074193548387096,9.008387096774193,25.86774193548387,-6.397311354292722,0.02314237330139193,76.19258064516129,4549.430259017957,17.68665258576549,544.0
2010-02-01,12.528571428571428,16.428571428571427,8.928571428571429,82.3,2.351785714285714,11.5175,23.95,-5.29777218378581,0.02854108876560333,79.94821428571429,4629.378473303671,17.888438300051202,605.8
2010-03-01,12.887096774193548,17.116129032258065,9.064516129032258,80.0,2.7393548387096773,16.926774193548386,20.700000000000003,-4.93924683816369,0.034199186500745035,77.26064516129033,4706.639118464961,17.97714797747056,625.9
2010-04-01,15.193333333333333,19.52,11.023333333333333,48.4,3.2853333333333334,20.552666666666667,17.876666666666665,-2.633010279023905,0.06773883161512027,45.114666666666665,4751.753785131627,18.11687019969278,594.1999999999999
2010-05-01,17.009677419354837,21.53548387096774,12.448387096774193,39.9,4.219354838709678,23.57774193548387,19.98709677419355,-0.8166661930024013,0.10548387096774195,35.68064516129032,4787.434430292918,17.928160522273426,602.4000000000001
2010-06-01,21.240000000000002,26.346666666666668,15.826666666666666,6.4,5.483333333333333,27.054,18.673333333333336,3.4136563876427637,0.8435897435897436,0.916666666666667,4788.3510969595845,17.736493855606756,608.8000000000001
2010-07-01,25.796774193548387,31.46451612903226,19.932258064516127,0.0,6.47516129032258,27.389032258064514,19.438709677419357,7.970430581191149,64.75161290322579,-6.47516129032258,4781.875935669262,17.637031490015364,607.9
2010-08-01,25.248387096774195,30.551612903225806,20.419354838709676,35.4,5.377419354838709,23.82903225806452,17.761290322580646,7.422043484416957,0.15147660154475237,30.02258064516129,4811.898516314423,17.563375576036865,639.6
2010-09-01,22.616666666666667,27.740000000000002,18.083333333333332,21.7,4.354333333333333,19.46966666666667,17.863333333333333,4.790323054309429,0.19974006116207949,17.345666666666666,4829.2441829810905,17.629486687147978,579.4
2010-10-01,18.451612903225808,23.338709677419356,14.67741935483871,110.6,2.9596774193548385,14.165806451612903,18.874193548387098,0.6252692908685695,0.026736020048372527,107.64032258064516,4936.884505561736,17.60233614951357,665.0999999999999
2010-11-01,14.22,17.366666666666667,11.57,125.9,1.898,8.753333333333334,22.44333333333333,-3.6063436123572377,0.015063492063492064,124.00200000000001,5060.886505561736,17.476225038402458,734.8
2010-12-01,11.580645161290322,15.98709677419355,8.190322580645162,74.1,1.8867741935483873,8.460645161290321,20.58709677419355,-6.245698451066916,0.025428223632727596,72.2132258064516,5133.099731368187,17.350149769585254,702.6999999999999
2011-01-01,10.619354838709677,14.925806451612903,7.27741935483871,59.6,1.4967741935483871,9.136451612903226,17.83225806451613,-7.206988773647561,0.025071594531798778,58.10322580645161,5191.202957174639,17.28267665130568,684.3
2011-02-01,10.217857142857143,14.235714285714286,6.664285714285714,125.80000000000001,1.904642857142857,12.171785714285715,20.00357142857143,-7.608486469500095,0.015128219675479405,123.89535714285715,5315.098314317496,17.09011712749616,727.8
2011-03-01,12.870967741935484,17.532258064516128,8.874193548387098,56.0,2.98,18.06709677419355,20.38064516129032,-4.955375870421754,0.05311942959001782,53.02,5368.118314317497,17.088773041474656,703.8
2011-04-01,16.386666666666667,21.54,11.496666666666666,87.6,3.8303333333333334,22.151333333333334,19.503333333333334,-1.4396769456905716,0.04367540858988978,83.76966666666667,5451.887980984164,17.1882174859191,743.0
2011-05-01,18.664516129032258,23.20967741935484,14.174193548387096,66.8,4.296129032258064,23.38258064516129,18.82903225806452,0.8381725166750194,0.06421717537007571,62.50387096774193,5514.391851951906,17.32612071172555,769.9
2011-06-01,21.58,26.209999999999997,16.71333333333333,30.299999999999997,5.068333333333333,26.142999999999997,15.846666666666666,3.75365638764276,0.16672149122807017,25.231666666666662,5539.623518618572,17.354454045058883,793.8
2011-07-01,25.806451612903224,31.038709677419355,20.48709677419355,1.4,6.1,26.649032258064516,19.09032258064516,7.980108000545986,4.066666666666666,-4.699999999999999,5534.923518618572,17.355260496671786,795.1999999999999
2011-08-01,26.53548387096774,32.42580645161291,20.81935483870968,0.0,6.007741935483871,24.830645161290324,18.203225806451613,8.709140258610503,60.07741935483871,-6.007741935483871,5528.915776683089,17.462518561187917,759.8
2011-09-01,23.223333333333336,28.46333333333333,18.403333333333332,11.1,4.507000000000001,20.107333333333333,18.873333333333335,5.396989720976098,0.40241071428571434,6.592999999999999,5535.508776683088,17.51307411674347,749.2
2011-10-01,19.396774193548385,24.638709677419353,15.129032258064516,64.2,3.1729032258064516,14.900645161290322,16.73548387096774,1.5704305811911468,0.049345306777705315,61.02709677419355,5596.535873457282,17.591837557603686,702.8000000000001
2011-11-01,15.29,19.36,12.196666666666665,107.2,2.061,9.678333333333335,19.526666666666664,-2.536343612357239,0.019207828518173344,105.13900000000001,5701.674873457282,17.681004224270353,684.1
2011-12-01,11.803225806451612,15.638709677419355,8.674193548387096,51.9,1.6096774193548387,8.653225806451612,17.33225806451613,-6.023117805905626,0.03095533498759305,50.29032258064516,5751.965196037927,17.699552611367128,661.9
2012-01-01,9.948387096774193,14.403225806451612,6.254838709677419,38.9,1.6251612903225807,10.361935483870969,16.83225806451613,-7.877956515583046,0.04167080231596361,37.27483870967742,5789.240034747604,17.643638632872506,641.2
2012-02-01,7.06551724137931,11.196551724137931,3.3344827586206898,167.0,1.729655172413793,12.971034482758622,18.351724137931036,-10.760826370977927,0.010351018386677397,165.2703448275862,5954.51037957519,17.380943641082684,682.4000000000001
2012-03-01,12.119354838709677,16.906451612903226,8.009677419354839,76.6,2.6193548387096777,17.878709677419355,16.845161290322583,-5.706988773647561,0.034150649787609885,73.98064516129031,6028.4910247364805,17.318309232480534,703.0
2012-04-01,14.55,18.69333333333333,10.606666666666666,127.6,3.616,21.788333333333334,21.683333333333334,-3.2763436123572376,0.028316366483946753,123.984,6152.475024736481,17.16525367692498,743.0
2012-05-01,18.36774193548387,23.53548387096774,13.096774193548388,28.0,4.711935483870968,25.949354838709677,18.096774193548388,0.5413983231266322,0.16768453679256112,23.288064516129033,6175.76308925261,17.140522494129282,704.1999999999999
2012-06-01,24.45,30.206666666666667,18.64,0.8,6.027666666666667,27.290000000000003,18.05,6.623656387642761,6.6974074074074075,-5.227666666666667,6170.535422585944,17.379689160795945,674.6999999999999
2012-07-01,25.65806451612903,31.029032258064515,20.193548387096776,0.0,6.255483870967742,27.20451612903226,18.270967741935483,7.831720903771792,62.55483870967742,-6.255483870967742,6164.279938714976,17.367323569398096,673.3
2012-08-01,28.18064516129032,34.29354838709677,22.103225806451615,4.5,6.1006451612903225,24.638387096774192,15.670967741935485,10.354301548933083,1.326227208976157,-1.6006451612903225,6162.679293553686,17.504420343591644,677.8
2012-09-01,23.33,28.6,18.663333333333334,11.6,4.366666666666666,18.752666666666666,18.60666666666667,5.50365638764276,0.3732193732193732,7.233333333333333,6169.9126268870195,17.513309232480534,678.3
2012-10-01,20.345161290322583,25.519354838709678,16.09032258064516,89.9,3.4935483870967743,14.910645161290324,17.870967741935484,2.5188176779653446,0.03881720430107527,86.40645161290323,6256.319078499922,17.59234149054505,704.0
2012-11-01,15.656666666666666,19.73,12.45,113.4,1.8523333333333334,9.124666666666666,19.946666666666665,-2.169676945690572,0.016320117474302495,111.54766666666667,6367.866745166589,17.622897046100604,710.2
2012-12-01,12.09032258064516,16.206451612903226,8.887096774193548,26.8,1.6358064516129032,8.626774193548387,18.125806451612902,-5.7360210317120774,0.060810648758843976,25.164193548387097,6393.0309387149755,17.6468217772834,685.1
2013-01-01,11.19032258064516,14.848387096774195,8.33548387096774,133.6,1.854516129032258,9.193870967741935,26.493548387096773,-6.636021031712078,0.013870726469949576,131.74548387096775,6524.776422585943,17.750316400939315,779.8
2013-02-01,9.942857142857141,13.739285714285714,6.610714285714286,108.0,2.242857142857143,12.357857142857142,25.057142857142857,-7.883486469500097,0.020747984670278843,105.75714285714285,6630.5335654430855,17.99009472606247,720.8
2013-03-01,13.870967741935484,17.4258064516129,10.63225806451613,91.8,3.0716129032258066,16.71677419354839,27.870967741935484,-3.9553758704217543,0.03342342658569975,88.72838709677418,6719.2619525398595,18.136062467997952,736.0
2013-04-01,14.876666666666667,19.220000000000002,10.803333333333335,66.4,3.566333333333333,21.667666666666666,20.203333333333333,-2.9496769456905714,0.053629072681704255,62.83366666666667,6782.095619206526,18.163284690220173,674.8000000000001
2013-05-01,16.45483870967742,20.4,12.37741935483871,157.2,3.7593548387096773,22.614838709677418,20.18064516129032,-1.371504902679817,0.023899267887537684,153.44064516129032,6935.536264367816,18.003876088069635,804.0
2013-06-01,19.863333333333333,24.93,14.65,0.5,5.381,28.29733333333333,20.293333333333333,2.036989720976095,8.968333333333334,-4.881,6930.655264367816,17.621653865847414,803.7
2013-07-01,24.529032258064515,29.74516129032258,19.219354838709677,1.1,5.761290322580645,26.83258064516129,18.37741935483871,6.702688645707276,4.801075268817203,-4.661290322580644,6925.9939740452355,17.527567844342038,804.8000000000001
2013-08-01,25.293548387096774,30.783870967741933,20.003225806451614,14.5,5.651612903225806,24.326129032258066,19.212903225806453,7.467204774739535,0.3870967741935484,8.848387096774193,6934.842361142009,17.286976446492574,814.8000000000001
2013-09-01,22.803333333333335,27.323333333333334,18.986666666666668,30.5,3.9306666666666668,18.595333333333333,17.873333333333335,4.976989720976096,0.12845315904139434,26.569333333333333,6961.411694475342,17.243087557603687,833.7
2013-10-01,21.95483870967742,27.23225806451613,17.806451612903224,31.6,3.356129032258065,14.576774193548387,16.099999999999998,4.128495097320183,0.10587157830467081,28.243870967741938,6989.655565443084,17.377227342549926,775.4
2013-11-01,13.76,16.96,11.063333333333333,138.79999999999998,1.963666666666667,9.313666666666668,21.783333333333335,-4.0663436123572385,0.014137269018478525,136.83633333333333,7126.491898776418,17.21917178699437,800.8
2013-12-01,10.80967741935484,15.080645161290322,7.377419354838709,49.2,1.4358064516129032,8.206129032258064,15.97741935483871,-7.016666193002399,0.02912386311588039,47.7641935483871,7174.256092324805,17.11245135688684,823.2
2014-01-01,12.138709677419355,16.09032258064516,9.151612903225805,66.39999999999999,1.8925806451612903,9.209354838709677,23.283870967741933,-5.6876339349378835,0.028459859325733694,64.5074193548387,7238.763511679644,17.191483614951355,756.0
2014-02-01,12.49642857142857,16.589285714285715,8.775,70.3,2.4610714285714286,13.366428571428571,23.714285714285715,-5.329915040928668,0.03495840097402598,67.83892857142857,7306.602440251072,17.404281233998976,718.3
2014-03-01,12.148387096774194,16.10967741935484,8.33548387096774,130.2,2.790645161290323,17.42258064516129,21.4,-5.677956515583045,0.021417077216349372,127.40935483870966,7434.011795089782,17.2607328469022,756.7
2014-04-01,16.523333333333333,21.703333333333333,11.463333333333333,7.4,4.359666666666667,23.688333333333333,19.5,-1.3030102790239049,0.5812888888888889,3.0403333333333338,7437.052128423115,17.397955069124425,697.6999999999999
2014-05-01,17.938709677419357,23.041935483870965,12.774193548387096,32.7,4.79258064516129,26.245806451612903,18.687096774193545,0.11236606506211899,0.14611526357199053,27.907419354838712,7464.959547777954,17.521610983102917,573.1999999999999
2014-06-01,21.886666666666667,26.84,16.52,53.7,5.399,26.565333333333335,18.23,4.060323054309428,0.10035315985130111,48.301,7513.260547777954,17.690222094214032,626.4
2014-07-01,24.84193548387097,30.316129032258065,18.951612903225808,0.0,6.1899999999999995,27.265483870967742,17.322580645161292,7.015591871513731,61.89999999999999,-6.1899999999999995,7507.070547777955,17.716297363031234,625.3
2014-08-01,25.82903225806452,31.490322580645163,20.43548387096774,1.0,5.685483870967742,25.13290322580645,16.606451612903225,8.00268864570728,5.168621700879765,-4.685483870967742,7502.385063906987,17.760921018945215,611.8
2014-09-01,25.06,30.366666666666667,20.273333333333333,9.100000000000001,4.566333333333334,19.49233333333333,16.74,7.23365638764276,0.4963405797101449,4.533666666666668,7506.918730573653,17.94897657450077,590.4
2014-10-01,20.43548387096774,26.116129032258065,15.816129032258065,48.800000000000004,3.2841935483870968,15.03709677419355,15.406451612903227,2.609140258610502,0.06716142225740483,45.51580645161291,7552.434537025266,17.82236367127496,607.5999999999999
2014-11-01,16.793333333333333,21.293333333333333,13.4,63.7,2.625,10.040666666666668,20.13,-1.0330102790239053,0.04114420062695925,61.075,7613.509537025266,18.07514144905274,532.5
2014-12-01,11.36774193548387,14.648387096774194,8.764516129032257,119.5,1.5806451612903225,7.8109677419354835,20.95483870967742,-6.458601676873368,0.013216096666307044,117.91935483870968,7731.428891863975,18.121646825396827,602.8
2015-01-01,9.983870967741936,14.238709677419354,6.670967741935484,85.5,1.6406451612903226,9.337419354838708,20.061290322580643,-7.842472644615302,0.01916641543563461,83.85935483870968,7815.288246702685,17.942076932923708,621.9
2015-02-01,9.928571428571429,13.114285714285714,7.007142857142857,127.2,1.9575,11.450714285714286,24.82857142857143,-7.8977721837858095,0.015377062058130402,125.2425,7940.530746702685,17.72808883768561,678.8
2015-03-01,12.48709677419355,17.283870967741933,8.064516129032258,58.8,2.914516129032258,18.108064516129033,17.358064516129033,-5.339246838163689,0.04948244701243223,55.88548387096774,7996.416230573653,17.756314644137227,607.4
2015-04-01,16.15,21.37,11.42,4.300000000000001,4.266666666666667,24.172666666666665,19.993333333333332,-1.6763436123572397,0.9696969696969696,0.0333333333333341,7996.449563906986,17.725203533026114,604.3000000000001
2015-05-01,19.529032258064515,24.961290322580645,13.935483870967742,13.3,5.03258064516129,25.587741935483873,18.85483870967742,1.7026886457072763,0.37556571978815595,8.267419354838712,8004.716983261826,17.857730414746545,584.9
2015-06-01,22.740000000000002,28.196666666666665,16.89,5.2,6.010000000000001,27.608999999999998,18.983333333333334,4.913656387642764,1.1339622641509435,-0.8100000000000005,8003.906983261825,17.928841525857653,536.4000000000001
2015-07-01,27.4741935483871,33.79677419354839,20.687096774193545,0.0,6.847096774193548,27.373225806451615,18.0,9.64784993602986,68.47096774193548,-6.847096774193548,7997.059886487632,18.148196364567333,536.4000000000001
2015-08-01,27.09032258064516,32.28064516129032,22.287096774193547,0.6000000000000001,5.73258064516129,23.94161290322581,18.496774193548386,9.263978968287923,8.189400921658985,-5.1325806451612905,7991.927305842471,18.253303891449054,536.0
2015-09-01,23.06,27.636666666666667,19.133333333333333,20.7,4.092666666666667,18.304333333333332,18.45,5.23365638764276,0.19676282051282054,16.607333333333333,8008.534639175804,18.086637224782386,547.6
2015-10-01,19.716129032258067,24.351612903225806,16.070967741935483,105.7,2.8629032258064515,13.903225806451612,15.458064516129031,1.8897854199008286,0.027059576803463627,102.83709677419355,8111.371735949998,18.026690988223248,604.5
2015-11-01,14.646666666666667,19.113333333333333,11.01,39.5,1.9716666666666667,10.815,15.096666666666666,-3.179676945690572,0.049789562289562286,37.528333333333336,8148.9000692833315,17.84780209933436,580.3
2015-12-01,11.961290322580645,18.083870967741937,7.761290322580645,0.1,1.5980645161290323,9.554516129032258,11.593548387096773,-5.8650532897765935,7.990322580645161,-1.4980645161290322,8147.402004767203,17.897264464925755,460.9
2016-01-01,12.764516129032257,17.36774193548387,8.935483870967742,67.9,2.0138709677419353,9.688064516129032,20.103225806451615,-5.061827483324981,0.029615749525616696,65.88612903225807,8213.28813379946,18.12898489503328,443.29999999999995
2016-02-01,12.720689655172412,16.786206896551725,9.4,90.5,2.5531034482758623,12.680000000000001,25.63103448275862,-5.105653957184826,0.028179949760219234,87.94689655172414,8301.235030351185,18.361661413916696,406.6
2016-03-01,12.09032258064516,16.34516129032258,8.170967741935485,141.7,2.7590322580645164,17.24451612903226,20.080645161290324,-5.7360210317120774,0.01945720915419264,138.94096774193548,8440.17599809312,18.328596897787666,489.5
2016-04-01,14.926666666666668,19.476666666666667,10.753333333333334,58.0,3.478666666666667,21.705666666666666,18.123333333333335,-2.8996769456905707,0.05987378083763626,54.52133333333333,8494.697331426454,18.22665245334322,543.2
2016-05-01,18.05483870967742,22.687096774193545,13.32258064516129,27.4,4.540645161290322,24.96677419354839,19.38064516129032,0.22849509732018092,0.16511436950146627,22.859354838709677,8517.556686265163,18.10380299097763,557.3
2016-06-01,22.763333333333332,28.206666666666667,16.81,1.1,5.890333333333333,27.378333333333334,18.506666666666668,4.936989720976094,4.90861111111111,-4.790333333333333,8512.76635293183,18.105747435422074,553.2
2016-07-01,25.700000000000003,31.293548387096774,20.174193548387095,0.7,6.526129032258065,27.192903225806454,20.19677419354839,7.8736563876427645,8.157661290322581,-5.8261290322580646,8506.940223899572,17.957897973056482,553.9
2016-08-01,25.08709677419355,30.470967741935485,20.029032258064515,0.4,5.723225806451613,24.780967741935484,19.858064516129033,7.260753161836313,11.446451612903227,-5.323225806451613,8501.61699809312,17.790962489185514,553.7
2016-09-01,23.673333333333336,29.116666666666667,18.540000000000003,15.0,4.571333333333333,19.978666666666665,16.64,5.846989720976097,0.30273730684326705,10.428666666666668,8512.045664759788,17.842073600296626,548.0
2016-10-01,21.664516129032258,27.22258064516129,17.283870967741933,20.4,3.359032258064516,15.133548387096774,16.225806451612904,3.8381725166750194,0.1638552321007081,17.040967741935482,8529.086632501723,18.004439191694477,462.7
2016-11-01,15.386666666666667,19.873333333333335,11.886666666666667,125.1,2.1603333333333334,9.584666666666667,17.75,-2.4396769456905716,0.017255058572949948,122.93966666666667,8652.02629916839,18.06610585836114,548.3
2016-12-01,12.383870967741935,16.31935483870968,9.364516129032259,113.2,1.2848387096774192,7.98483870967742,13.941935483870967,-5.442472644615304,0.011340147481707143,111.91516129032259,8763.941460458713,18.10132091212458,661.4
2017-01-01,9.635483870967741,13.451612903225806,6.645161290322581,181.9,1.4216129032258065,9.069354838709677,18.60967741935484,-8.190859741389497,0.007811059907834102,180.4783870967742,8944.419847555488,17.84056822395254,775.4
2017-02-01,12.6,16.982142857142858,9.1,20.7,2.5421428571428573,13.248214285714285,21.775000000000002,-5.226343612357239,0.12221840659340659,18.157857142857143,8962.577704698344,17.830510752688173,705.6
2017-03-01,13.651612903225805,18.848387096774193,9.116129032258065,40.3,3.1629032258064513,18.87258064516129,20.190322580645162,-4.174730709131433,0.07828968380709038,37.137096774193544,8999.714801472537,17.960618279569893,604.2
2017-04-01,15.54,20.633333333333333,10.6,13.600000000000001,4.022333333333333,23.21033333333333,19.209999999999997,-2.286343612357239,0.2936009732360097,9.57766666666667,9009.292468139203,18.011729390681005,559.8000000000001
2017-05-01,20.425806451612903,26.067741935483873,14.906451612903224,1.3,5.35,25.787096774193547,20.4741935483871,2.599462839255665,3.8214285714285707,-4.05,9005.242468139204,18.209310035842297,533.7
2017-06-01,24.673333333333336,30.316666666666666,19.046666666666667,3.8,6.233666666666666,27.258,18.84333333333333,6.846989720976097,1.5983760683760684,-2.4336666666666664,9002.808801472538,18.36847670250896,536.4000000000001
2017-07-01,26.796774193548387,32.49032258064516,20.996774193548386,0.9,6.406451612903226,27.118387096774192,17.248387096774195,8.970430581191149,6.406451612903226,-5.506451612903225,8997.302349859634,18.45987455197133,536.6
2017-08-01,27.638709677419353,33.148387096774194,22.73225806451613,1.4000000000000001,5.76258064516129,23.517419354838708,18.825806451612905,9.812366065062115,3.8417204301075265,-4.36258064516129,8992.939769214472,18.672508960573477,537.6
2017-09-01,23.376666666666665,28.956666666666667,18.490000000000002,10.7,4.649333333333333,20.322333333333333,18.44,5.550323054309427,0.43049382716049384,6.050666666666666,8998.990435881138,18.647786738351254,533.3000000000001
2017-10-01,19.37741935483871,25.200000000000003,14.319354838709677,30.9,3.2880645161290323,15.656774193548388,15.361290322580645,1.5510757424814727,0.10606659729448491,27.611935483870965,9026.602371365008,18.45719534050179,543.8000000000001
2017-11-01,13.916666666666666,18.87,10.110000000000001,101.1,2.0443333333333333,10.222666666666667,16.323333333333334,-3.9096769456905722,0.02020092226613966,99.05566666666667,9125.658038031675,18.334695340501792,519.8
2017-12-01,11.09032258064516,14.832258064516129,8.048387096774194,118.5,1.5683870967741935,8.13258064516129,20.299999999999997,-6.7360210317120774,0.013224174509057282,116.93161290322581,9242.5896509349,18.22689964157706,525.1
2018-01-01,11.461290322580645,15.97741935483871,7.851612903225806,59.3,1.884516129032258,10.523870967741935,19.322580645161292,-6.3650532897765935,0.031725860758118826,57.41548387096774,9300.005134805868,18.379050179211468,402.5
2018-02-01,9.914285714285715,13.935714285714285,6.5321428571428575,109.6,1.9789285714285714,12.783214285714285,20.317857142857143,-7.912057898071524,0.018039458262794635,107.62107142857143,9407.62620623444,18.155240655401943,491.4
2018-03-01,13.422580645161291,17.0258064516129,10.206451612903225,152.2,2.8506451612903225,16.07032258064516,27.583870967741937,-4.403762967195947,0.01871730243788787,149.34935483870967,9556.97556107315,18.13615463389657,603.3
2018-04-01,15.623333333333333,20.186666666666667,11.456666666666667,94.19999999999999,3.7323333333333335,21.187,21.803333333333335,-2.2030102790239052,0.03957935666313186,90.46766666666666,9647.443227739817,18.143099078341013,683.8999999999999
2018-05-01,16.716129032258067,20.490322580645163,12.95483870967742,74.6,3.7451612903225806,22.833870967741937,16.596774193548388,-1.1102145800991714,0.050136027982899345,70.85483870967741,9718.298066449495,17.833959293394777,757.1999999999999
2018-06-01,21.136666666666667,25.84,15.933333333333334,22.700000000000003,5.23,27.183333333333334,17.613333333333333,3.3103230543094284,0.22938596491228067,17.470000000000002,9735.768066449495,17.539237071172554,776.0999999999999
2018-07-01,25.570967741935487,31.296774193548387,20.04516129032258,0.0,6.058064516129033,26.88258064516129,17.06451612903226,7.7446241295782485,60.58064516129033,-6.058064516129033,9729.710001933365,17.437086533538146,775.1999999999999
2018-08-01,26.348387096774193,31.822580645161292,20.86774193548387,1.7,5.65,24.225806451612904,18.067741935483873,8.522043484416955,3.138888888888889,-3.95,9725.760001933364,17.329559651817718,775.4999999999999
2018-09-01,24.546666666666667,29.53666666666667,20.2,21.900000000000002,4.1160000000000005,17.703,17.293333333333333,6.720323054309429,0.18709090909090909,17.784000000000002,9743.544001933364,17.427059651817718,786.6999999999999
2018-10-01,19.154838709677417,23.706451612903226,15.509677419354839,96.8,2.9680645161290324,13.851290322580645,18.219354838709677,1.3284950973201788,0.030630180765005496,93.83193548387096,9837.375937417235,17.408511264720943,852.5999999999999
2018-11-01,15.196666666666665,19.459999999999997,11.93,90.7,2.240666666666667,10.064,20.673333333333332,-2.629676945690573,0.024676945668135098,88.45933333333333,9925.83527075057,17.51517793138761,842.2
2018-12-01,12.067741935483872,17.061290322580643,8.319354838709677,51.6,1.495806451612903,8.980645161290322,14.432258064516128,-5.758601676873367,0.028932426530230232,50.1041935483871,9975.939464298955,17.596629544290835,775.3
2019-01-01,9.951612903225806,13.716129032258063,6.661290322580645,123.8,1.5416129032258064,9.256451612903225,21.5258064516129,-7.874730709131432,0.012442396313364055,122.25838709677419,10098.19785139573,17.470823092677932,839.8
2019-02-01,10.632142857142856,15.703571428571427,6.392857142857143,20.1,2.39,14.632857142857143,16.489285714285714,-7.194200755214382,0.11831683168316831,17.71,10115.907851395728,17.53064452124936,750.3
2019-03-01,12.803225806451612,17.951612903225808,8.37741935483871,45.1,2.8480645161290323,17.50193548387097,17.048387096774192,-5.023117805905626,0.06301027690550956,42.251935483870966,10158.1597868796,17.47903161802355,643.1999999999999
2019-04-01,14.963333333333333,19.19333333333333,11.05,55.2,3.6806666666666668,22.104,20.466666666666665,-2.8630102790239054,0.06655816757082579,51.519333333333336,10209.679120212933,17.42403161802355,604.2
2019-05-01,18.23548387096774,23.35483870967742,12.83548387096774,25.7,4.92,25.7041935483871,18.651612903225807,0.4091402586105026,0.19069767441860463,20.78,10230.459120212934,17.55064452124936,555.3000000000001
2019-06-01,23.083333333333332,28.733333333333334,17.173333333333336,0.30000000000000004,6.08,27.993333333333332,19.490000000000002,5.256989720976094,15.2,-5.78,10224.679120212933,17.712866743471583,532.9
2019-07-01,27.57741935483871,33.38387096774194,21.664516129032258,0.1,7.065161290322581,26.81064516129032,22.006451612903227,9.751075742481472,35.325806451612905,-6.965161290322581,10217.713958922612,17.88007104454685,533.0
2019-08-01,26.980645161290322,32.15806451612903,22.374193548387098,6.0,5.5283870967741935,23.287419354838708,18.567741935483873,9.154301548933084,0.906292966684294,0.4716129032258065,10218.185571825838,17.93275921658986,537.3000000000001
2019-09-01,23.993333333333332,29.076666666666664,19.666666666666668,37.4,4.250333333333334,19.022666666666666,18.243333333333332,6.166989720976094,0.11334222222222223,33.14966666666666,10251.335238492504,17.886648105478752,552.8
2019-10-01,20.219354838709677,25.596774193548388,15.880645161290323,20.900000000000002,3.346774193548387,15.041612903225808,17.812903225806455,2.3930112263524386,0.1593701996927803,17.553225806451614,10268.888464298956,17.975357782898104,476.9
2019-11-01,14.92,18.063333333333333,12.156666666666666,130.4,2.404333333333333,9.399333333333335,27.13,-2.9063436123572384,0.018424010217113665,127.99566666666668,10396.884130965622,17.95230222734255,516.6
2019-12-01,13.670967741935485,17.532258064516128,10.33548387096774,26.8,1.9735483870967743,8.698387096774193,21.948387096774194,-4.155375870421754,0.07336611104448974,24.826451612903227,10421.710582578526,18.085904377880183,491.8
2020-01-01,10.519354838709678,15.703225806451613,6.509677419354839,26.599999999999998,1.6193548387096774,9.96967741935484,13.329032258064515,-7.306988773647561,0.06064999395916395,24.98064516129032,10446.691227739815,18.133216205837176,394.59999999999997
2020-02-01,13.006896551724138,18.986206896551725,8.179310344827586,0.0,2.606551724137931,14.944827586206896,15.46206896551724,-4.819447060633101,26.065517241379307,-2.606551724137931,10444.084676015676,18.33111234705228,374.5
2020-03-01,14.564516129032258,19.190322580645162,10.670967741935485,40.6,3.301612903225806,17.442580645161293,23.283870967741933,-3.2618274833249803,0.0811207101529682,37.29838709677419,10481.383063112451,18.477886540600668,370.0
2020-04-01,16.23,20.64333333333333,12.403333333333334,94.6,3.533333333333333,20.608999999999998,20.796666666666667,-1.5963436123572379,0.037310806054206266,91.06666666666666,10572.449729779119,18.583442096156222,409.4
2020-05-01,20.358064516129033,26.05806451612903,15.025806451612903,13.100000000000001,5.4148387096774195,26.015806451612903,21.106451612903225,2.531720903771795,0.41021505376344086,7.685161290322582,10580.134891069441,18.760323816586332,396.8
2020-06-01,23.09,28.506666666666668,17.323333333333334,17.099999999999998,6.1530000000000005,27.697,19.48,5.263656387642762,0.3577325581395349,10.946999999999997,10591.081891069442,18.760879372141886,413.6
2020-07-01,26.729032258064517,32.593548387096774,20.61935483870968,0.0,6.715483870967742,27.412258064516127,19.070967741935487,8.90268864570728,67.15483870967742,-6.715483870967742,10584.366407198473,18.690180447410704,413.5
2020-08-01,27.27741935483871,33.01935483870968,21.88064516129032,4.8,6.241612903225807,24.575483870967744,19.548387096774192,9.451075742481471,1.2737985516787362,-1.4416129032258072,10582.924794295248,18.714911630206405,412.29999999999995
2020-09-01,23.09,28.12,18.616666666666667,24.4,4.3533333333333335,19.179666666666666,18.793333333333333,5.263656387642762,0.17768707482993198,20.046666666666667,10602.971460961915,18.639633852428627,399.3
2020-10-01,18.606451612903225,24.200000000000003,14.12258064516129,39.2,3.504516129032258,15.441935483870967,18.864516129032257,0.7801080005459866,0.08917343839776737,35.69548387096774,10638.666944832883,18.505225250278087,417.6
2020-11-01,16.673333333333332,21.346666666666668,12.883333333333333,63.5,2.4013333333333335,9.886,16.773333333333333,-1.1530102790239063,0.037756813417190775,61.09866666666667,10699.76561149955,18.6513363613892,350.7
2020-12-01,12.393548387096773,16.174193548387095,9.393548387096773,136.0,1.717741935483871,8.215806451612902,22.783870967741933,-5.432795225260465,0.012621175132137187,134.28225806451613,10834.047869564067,18.544884748485973,459.9
2021-01-01,11.674193548387096,15.448387096774193,8.570967741935483,62.9,1.9500000000000002,9.87258064516129,23.296774193548387,-6.152150063970142,0.030952380952380957,60.949999999999996,10894.997869564068,18.641121307625756,496.2
2021-02-01,14.114285714285714,18.95357142857143,10.292857142857143,15.9,2.9460714285714285,14.073571428571428,22.575,-3.7120578980715244,0.18412946428571428,12.953928571428571,10907.951798135497,18.73340373783922,512.1
2021-03-01,13.174193548387096,18.4,8.66451612903226,51.7,3.0883870967741935,18.437419354838706,17.812903225806455,-4.652150063970142,0.05962137252459833,48.61161290322581,10956.563411038722,18.617543522785457,523.2
2021-04-01,15.763333333333332,20.403333333333332,11.426666666666668,45.1,3.855,21.723666666666666,19.456666666666667,-2.0630102790239064,0.08528761061946902,41.245000000000005,10997.808411038723,18.57865463389657,473.7
2021-05-01,19.63225806451613,24.896774193548385,14.606451612903227,16.1,5.045806451612902,25.274193548387096,21.4,1.8059144521588912,0.31146953405017913,11.054193548387099,11008.86260458711,18.51817076292883,476.7
2021-06-01,23.56,28.703333333333333,18.28666666666667,5.6000000000000005,5.953333333333333,25.837,22.183333333333334,5.73365638764276,1.0444444444444443,-0.3533333333333326,11008.509271253777,18.557337429595496,465.2
2021-07-01,26.9,32.76774193548387,21.016129032258064,1.0,6.4480645161290315,26.683870967741935,19.39032258064516,9.07365638764276,5.861876832844573,-5.4480645161290315,11003.061206737648,18.57158474142345,466.2
2021-08-01,27.29032258064516,33.07741935483871,22.0258064516129,0.8999999999999999,5.83741935483871,23.84935483870968,19.467741935483872,9.463978968287922,5.837419354838711,-4.93741935483871,10998.123787382809,18.572660010240654,462.3
2021-09-01,25.183333333333334,30.616666666666667,20.683333333333334,10.4,4.858666666666666,19.642666666666667,20.89333333333333,7.356989720976095,0.4627301587301587,5.541333333333334,11003.665120716141,18.7471044546851,448.3
2021-10-01,19.432258064516127,24.39032258064516,14.990322580645161,14.200000000000001,3.3748387096774195,15.045161290322582,17.451612903225808,1.6059144521588884,0.2360027069704489,10.825161290322582,11014.490282006464,18.815921658986174,423.3
2021-11-01,14.113333333333333,16.903333333333332,12.006666666666666,280.3,1.7153333333333334,8.236,24.696666666666665,-3.713010279023905,0.006117451260104612,278.5846666666667,11293.074948673131,18.602588325652842,640.1
2021-12-01,12.135483870967741,16.541935483870965,8.729032258064517,54.4,1.8245161290322582,9.226774193548387,20.29032258064516,-5.690859741389497,0.03347736016572951,52.57548387096774,11345.650432544098,18.581082949308755,558.5
2022-01-01,9.764516129032257,14.932258064516128,5.438709677419355,15.299999999999999,1.7951612903225806,10.953225806451613,16.596774193548388,-8.061827483324981,0.11656891495601174,13.504838709677419,11359.155271253776,18.421943164362517,510.90000000000003
2022-02-01,11.603571428571428,16.7,7.514285714285714,23.4,2.2917857142857145,13.895714285714286,16.50357142857143,-6.2227721837858105,0.0975227963525836,21.108214285714283,11380.26348553949,18.212716973886327,518.4
2022-03-01,13.425806451612903,17.551612903225806,9.793548387096775,108.0,2.755806451612903,14.998387096774193,18.706451612903226,-4.400537160744335,0.02549312166154397,105.2441935483871,11485.507679087877,18.233684715821813,574.7
2022-04-01,14.53,18.586666666666666,10.633333333333333,114.6,3.5050000000000003,20.839,23.343333333333337,-3.296343612357239,0.030557977332170888,111.095,11596.602679087877,18.130906938044035,644.2
2022-05-01,19.72258064516129,25.106451612903225,14.229032258064517,56.7,4.930000000000001,25.699354838709677,17.532258064516128,1.896237032804052,0.08679577464788733,51.77,11648.372679087877,18.138433819764465,684.8
2022-06-01,24.509999999999998,30.146666666666665,18.546666666666667,1.0,6.205,27.043,18.796666666666667,6.68365638764276,5.640909090909091,-5.205,11643.167679087877,18.21760048643113,680.2
2022-07-01,27.006451612903227,32.90967741935484,20.88064516129032,0.30000000000000004,6.539354838709677,26.945483870967745,20.5258064516129,9.180108000545989,16.348387096774193,-6.239354838709677,11636.928324249167,18.226471454173065,679.5000000000001
2022-08-01,27.729032258064517,33.91612903225807,21.383870967741935,0.9,6.56741935483871,24.60483870967742,21.851612903225806,9.90268864570728,6.56741935483871,-5.667419354838709,11631.260904894329,18.263030593958014,679.5
2022-09-01,25.246666666666666,30.41,21.03666666666667,21.4,4.654,18.555666666666664,19.926666666666666,7.420323054309428,0.21646511627906975,16.746,11648.006904894328,18.268308371735788,690.5
2022-10-01,22.509677419354837,28.9,17.46451612903226,10.5,3.7438709677419357,15.798387096774194,15.258064516129032,4.683333806997599,0.353195374315277,6.756129032258064,11654.763033926585,18.524759984639015,686.8000000000001
2022-11-01,17.07,21.753333333333334,13.236666666666668,55.699999999999996,2.5873333333333335,10.838666666666667,20.576666666666664,-0.756343612357238,0.04636798088410992,53.11266666666666,11707.875700593251,18.771148873527906,462.2
2022-12-01,15.19032258064516,20.1,11.670967741935485,38.2,2.0509677419354837,9.005483870967742,17.677419354838708,-2.636021031712078,0.05355007159100479,36.14903225806452,11744.024732851316,19.025718766001024,446.0
2023-01-01,10.896774193548387,15.0,7.738709677419355,105.9,1.7732258064516129,9.706129032258064,17.858064516129033,-6.9295694188088515,0.01672854534388314,104.1267741935484,11848.151507044864,19.1200736047107,536.6
2023-02-01,10.960714285714285,15.867857142857144,6.978571428571429,49.7,2.1975000000000002,13.501785714285715,18.36785714285714,-6.865629326642953,0.04412650602409639,47.502500000000005,11895.654007044865,19.066502176139274,562.9000000000001
2023-03-01,14.287096774193548,19.406451612903226,9.606451612903227,41.199999999999996,3.2893548387096776,18.92258064516129,18.03548387096774,-3.53924683816369,0.07964539561040382,37.91064516129032,11933.564652206154,19.13827636968766,496.1
2023-04-01,17.103333333333335,22.720000000000002,11.163333333333332,4.7,4.867,24.83,19.23,-0.723010279023903,1.0139583333333333,-0.16699999999999982,11933.397652206155,19.352720814132102,386.2
2023-05-01,18.151612903225807,22.374193548387098,14.135483870967741,95.5,4.1890322580645165,23.018709677419356,18.95483870967742,0.3252692908685688,0.043818329059252266,91.31096774193549,12024.708619948091,19.22180683563748,425.0
2023-06-01,22.85,27.76,17.85,36.2,5.2780000000000005,25.694666666666667,17.67,5.023656387642763,0.14539944903581267,30.922000000000004,12055.630619948091,19.083473502304148,460.20000000000005
2023-07-01,29.154838709677417,34.88709677419355,23.68064516129032,0.8,6.6570967741935485,26.601290322580645,17.12258064516129,11.328495097320179,7.396774193548387,-5.857096774193549,12049.773523173897,19.262505760368665,460.7
2023-08-01,26.82903225806452,32.693548387096776,21.151612903225807,5.0,5.938064516129033,24.88806451612903,17.40967741935484,9.00268864570728,1.1643263757115752,-0.9380645161290326,12048.835458657768,19.187505760368662,464.8
