date,temperature_2m_mean,temperature_2m_max,temperature_2m_min,precipitation_sum,et0_fao_evapotranspiration,shortwave_radiation_sum,windspeed_10m_max,temp_anomaly,water_balance,cumulative_water_balance,aridity_index,temp_rolling_12m,precip_rolling_12m,SPI_12_z,SPEI_12_z
2002-01-01,9.935483870967742,15.038709677419355,6.025806451612904,46.0,49.58,321.59,14.564516129032258,-7.5422530655755065,-3.5799999999999983,-3.5799999999999983,1.0754880694143167,,,,
2002-02-01,11.146428571428572,16.353571428571428,6.753571428571428,12.3,64.85,395.78000000000003,16.396428571428572,-6.331308365114676,-52.55,-56.129999999999995,5.229838709677419,,,,
2002-03-01,13.435483870967742,18.4,9.148387096774194,39.300000000000004,98.36,570.91,21.129032258064516,-4.0422530655755065,-59.059999999999995,-115.19,2.496446700507614,,,,
2002-04-01,14.866666666666667,19.743333333333332,10.046666666666665,28.2,118.59,689.53,19.91,-2.6110702698765813,-90.39,-205.57999999999998,4.190459363957597,,,,
2002-05-01,18.858064516129033,24.351612903225806,13.329032258064515,23.4,162.17,811.72,22.148387096774194,1.380327579585785,-138.76999999999998,-344.34999999999997,6.900851063829787,,,,
2002-06-01,23.576666666666664,29.233333333333334,17.923333333333336,1.2999999999999998,184.89000000000001,806.47,19.436666666666667,6.098929730123416,-183.59,-527.9399999999999,132.06428571428575,,,,
2002-07-01,24.39032258064516,29.69677419354839,19.22258064516129,1.9000000000000001,183.77,828.58,18.05806451612903,6.912585644101913,-181.87,-709.81,91.885,,,,
2002-08-01,24.451612903225808,29.51290322580645,19.816129032258065,35.1,156.57,717.84,16.980645161290322,6.973875966682559,-121.47,-831.28,4.448011363636363,,,,
2002-09-01,22.716666666666665,27.743333333333332,18.15,21.299999999999997,133.24,602.71,17.956666666666667,5.238929730123417,-111.94000000000001,-943.22,6.226168224299066,,,,
2002-10-01,19.703225806451613,25.370967741935484,15.183870967741935,21.8,108.63,486.27,19.17096774193548,2.2254888699083644,-86.83,-1030.05,4.960273972602739,,,,
2002-11-01,15.2,19.2,11.946666666666665,127.5,62.57,279.24,22.216666666666665,-2.277736936543249,64.93,-965.1199999999999,0.49036050156739813,,,,
2002-12-01,12.970967741935485,16.654838709677417,9.922580645161291,99.7,53.0,255.05,21.448387096774194,-4.506769194607763,46.7,-918.4199999999998,0.531062124248497,17.604299155145927,457.8,-1.2791379784516341,-1.089192705143674
2003-01-01,10.925806451612903,13.838709677419354,8.574193548387097,189.6,51.980000000000004,259.12,25.76774193548387,-6.551930484930345,137.62,-780.7999999999998,0.2740115972588298,17.68682603686636,601.4,-0.07809891190467587,-0.21519617738393548
2003-02-01,9.971428571428572,13.675,6.767857142857143,109.6,55.410000000000004,340.9,19.99285714285714,-7.506308365114677,54.18999999999999,-726.6099999999999,0.5051048313582499,17.58890937019969,698.7,0.7356970572806942,0.44550063120724276
2003-03-01,13.096774193548388,17.903225806451612,8.90967741935484,21.2,90.63,562.9300000000001,17.93548387096774,-4.3809627429948605,-69.42999999999999,-796.0399999999998,4.254929577464789,17.560683563748082,680.6,0.5843126066922543,0.38131264258919395
2003-04-01,14.936666666666667,19.276666666666664,11.023333333333333,112.9,103.31,636.48,19.19333333333333,-2.541070269876581,9.590000000000003,-786.4499999999998,0.9142477876106195,17.566516897081414,765.3000000000001,1.292724925191749,1.00016655792502
2003-05-01,17.42258064516129,21.883870967741935,13.09032258064516,53.1,126.93,759.15,17.90967741935484,-0.055156291381958766,-73.83000000000001,-860.2799999999999,2.3859022556390976,17.446893241167434,795.0,1.541129244665597,1.402130683369194
2003-06-01,24.516666666666666,30.040000000000003,18.71333333333333,0.4,175.41,809.98,16.686666666666667,7.038929730123417,-175.01,-1035.29,350.82,17.525226574500767,794.1,1.5336018410451777,1.455238970962527
2003-07-01,27.187096774193545,32.57741935483871,21.738709677419354,0.0,197.14000000000001,826.86,18.374193548387098,9.709359837650297,-197.14000000000001,-1232.43,1971.4,17.7582910906298,792.2,1.5177106556242919,1.360721074511456
2003-08-01,27.845161290322583,33.483870967741936,22.187096774193545,0.2,184.35,736.89,17.86774193548387,10.367424353779334,-184.15,-1416.5800000000002,614.4999999999999,18.04108678955453,757.3,1.2258146707880178,0.9727458453331249
2003-09-01,23.233333333333334,28.19,18.946666666666665,16.1,126.52,571.6,17.923333333333336,5.755596396790086,-110.41999999999999,-1527.0000000000002,7.809876543209875,18.084142345110088,752.1,1.1823230054255938,0.9821543065384705
2003-10-01,19.73225806451613,24.02258064516129,16.358064516129033,84.89999999999999,86.53,410.06,17.812903225806455,2.2545211279728825,-1.6300000000000097,-1528.6300000000003,1.0180000000000002,18.0865616999488,815.2,1.7100776370350166,1.5095233162065278
2003-11-01,15.256666666666666,19.45,11.973333333333333,62.7,63.25,297.77,19.243333333333332,-2.2210702698765825,-0.5499999999999972,-1529.1800000000003,1.0071656050955413,18.09128392217102,750.4,1.1681045763648006,1.1042167111236125
2003-12-01,11.13225806451613,14.816129032258065,8.238709677419354,138.4,48.4,253.37,21.73225806451613,-6.345478872027119,90.0,-1439.1800000000003,0.3494584837545126,17.938058115719407,789.1000000000001,1.4917829320428473,1.372234059933787
2004-01-01,11.03225806451613,15.103225806451613,7.635483870967741,73.5,52.09,304.18,19.103225806451615,-6.4454788720271186,21.409999999999997,-1417.7700000000002,0.7077445652173914,17.94692908346134,673.0,0.5207478650087104,0.652920062122461
2004-02-01,11.37241379310345,16.29310344827586,7.362068965517241,31.9,63.35,396.75,18.089655172413792,-6.105323143439799,-31.450000000000003,-1449.2200000000003,1.9796875,18.063677851934248,595.3000000000001,-0.12911798088751944,0.12282755052654057
2004-03-01,12.416129032258064,16.980645161290322,8.516129032258064,55.6,81.65,533.69,18.10967741935484,-5.061607904285184,-26.050000000000004,-1475.2700000000002,1.4658886894075405,18.00695742182672,629.7,0.1585961130485206,0.3913400815054176
2004-04-01,14.246666666666666,18.746666666666666,10.026666666666667,79.1,109.48,654.37,22.026666666666664,-3.2310702698765823,-30.38000000000001,-1505.6500000000003,1.3823232323232326,17.94945742182672,595.9,-0.12409971180724044,0.14393469046748023
2004-05-01,15.974193548387097,19.806451612903224,12.306451612903226,122.0,113.16,665.28,21.580645161290324,-1.5035433881561513,8.840000000000003,-1496.8100000000004,0.9267813267813267,17.82875849709554,664.8,0.45216485424488645,0.6556435640503245
2004-06-01,21.89333333333333,27.136666666666667,16.37333333333333,2.0,162.98,810.34,17.836666666666666,4.415596396790082,-160.98,-1657.7900000000004,77.60952380952381,17.610147385984426,666.4,0.4655469051256327,0.742486136886508
2004-07-01,24.741935483870968,30.23548387096774,19.374193548387098,0.1,186.9,835.3,19.693548387096776,7.2641985473277195,-186.8,-1844.5900000000004,934.5,17.406383945124215,666.5,0.4663832833056795,0.8064884321912928
2004-08-01,26.29032258064516,31.625806451612902,21.27741935483871,2.6,177.89,746.04,19.43548387096774,8.812585644101912,-175.29,-2019.8800000000003,65.88518518518518,17.276814052651094,668.9000000000001,0.48645635962679934,0.8613298573750846
2004-09-01,23.92,29.33,19.013333333333332,4.0,138.5,584.63,18.006666666666668,6.442263063456753,-134.5,-2154.38,33.78048780487805,17.334036274873316,656.8000000000001,0.3852545998411571,0.7122800245956609
2004-10-01,20.9,26.538709677419355,16.429032258064517,36.4,109.36,446.29,18.1,3.42226306345675,-72.96000000000001,-2227.34,2.9961643835616436,17.431348102830302,608.3000000000001,-0.020388817481457735,0.2707632234263828
2004-11-01,12.796666666666665,16.973333333333333,9.593333333333334,68.7,50.36,297.67,14.963333333333333,-4.681070269876583,18.340000000000003,-2209.0,0.7319767441860465,17.226348102830304,614.3000000000001,0.029793873321339977,0.3876881130112379
2004-12-01,11.470967741935485,15.141935483870967,8.629032258064516,127.1,46.96,250.98,20.516129032258064,-6.006769194607763,80.13999999999999,-2128.86,0.36918238993710695,17.25457390928192,603.0,-0.06471686102392962,0.3266569107186662
2005-01-01,7.741935483870968,12.635483870967741,3.7225806451612904,77.7,44.91,321.05,16.04516129032258,-9.73580145267228,32.790000000000006,-2096.07,0.5772493573264781,16.980380360894824,607.2,-0.02958897746197084,0.39709657421658273
2005-02-01,8.142857142857142,12.114285714285714,4.814285714285715,97.3,53.56,342.94,19.114285714285717,-9.334879793686106,43.739999999999995,-2052.3300000000004,0.5498973305954826,16.711250640040962,672.6,0.517402352288524,0.8625059150257525
2005-03-01,12.051612903225807,17.05483870967742,7.887096774193548,59.8,82.35,529.9300000000001,18.39032258064516,-5.426124033317441,-22.549999999999997,-2074.8800000000006,1.3747913188647745,16.68087429595494,676.8,0.5525302358504819,0.8841701349064826
2005-04-01,14.903333333333334,19.796666666666667,10.616666666666667,22.2,111.79,667.12,20.4,-2.5744036032099142,-89.59,-2164.4700000000007,5.013004484304933,16.735596518177164,619.9,0.07663105140395042,0.5176734322956182
2005-05-01,19.22258064516129,24.700000000000003,13.72258064516129,3.3,154.82,808.63,18.561290322580643,1.744843708618042,-151.51999999999998,-2315.9900000000007,45.535294117647055,17.00629544290835,501.2,-0.9161498483113976,-0.47491922486834587
2005-06-01,23.243333333333332,28.779999999999998,17.626666666666665,0.0,176.61,817.76,18.36,5.765596396790084,-176.61,-2492.600000000001,1766.1000000000001,17.118795442908347,499.20000000000005,-0.9328774119123296,-0.5716654410785768
2005-07-01,25.629032258064516,31.248387096774195,20.148387096774194,0.5,197.43,840.79,20.13225806451613,8.151295321521268,-196.93,-2689.5300000000007,329.05,17.19272017409114,499.6,-0.9295318991921433,-0.6343678831905191
2005-08-01,24.64516129032258,29.95483870967742,19.503225806451614,3.7,170.25,741.49,18.432258064516127,7.167424353779332,-166.55,-2856.080000000001,44.80263157894736,17.055623399897595,500.7,-0.9203317392116307,-0.5802692312597816
2005-09-01,21.90666666666667,27.013333333333332,17.42,20.1,125.87,580.5,18.91,4.428929730123421,-105.77000000000001,-2961.850000000001,6.231188118811881,16.887845622119816,516.8,-0.7856748522241238,-0.40243693492453236
2005-10-01,19.35483870967742,24.480645161290322,15.47741935483871,37.6,93.92,444.9,16.738709677419354,1.8771017731341715,-56.32,-3018.170000000001,2.4912466843501324,16.7590821812596,518.0,-0.7756383140635639,-0.29943904383443226
2005-11-01,13.65,17.783333333333335,10.41,89.6,56.05,291.31,18.276666666666664,-3.827736936543248,33.55,-2984.620000000001,0.6248606465997771,16.830193292370712,538.9,-0.6008352744338187,-0.20529253400988873
2005-12-01,10.46774193548387,14.35483870967742,7.270967741935484,80.1,46.44,269.71,18.14516129032258,-7.009995001059378,33.66,-2950.960000000001,0.5790523690773068,16.746591141833076,491.9,-0.9939330190557342,-0.49299337402598326
2006-01-01,9.383870967741935,13.151612903225805,6.338709677419355,78.4,45.77,271.33,17.616129032258065,-8.093865968801314,32.63,-2918.330000000001,0.5830573248407643,16.883419098822326,492.6,-0.9880783717954074,-0.49398373836338855
2006-02-01,9.739285714285714,14.175,6.45,95.3,55.66,352.12,19.039285714285715,-7.738451222257535,39.64,-2878.690000000001,0.5834381551362684,17.016454813108037,490.6,-1.0048059353963399,-0.5193618245093867
2006-03-01,13.229032258064517,17.799999999999997,8.983870967741936,22.7,97.31,579.67,21.883870967741935,-4.248704678478731,-74.61,-2953.300000000001,4.267982456140351,17.114573092677933,453.5,-1.3151022401936392,-0.8416016207924734
2006-04-01,16.7,21.759999999999998,11.96,37.3,120.9,670.68,18.736666666666668,-0.7777369365432492,-83.60000000000001,-3036.900000000001,3.2326203208556152,17.264295314900156,468.6,-1.1888091350065981,-0.8045248559108817
2006-05-01,20.200000000000003,24.983870967741936,15.706451612903225,76.8,137.93,728.53,19.61935483870968,2.7222630634567544,-61.13000000000001,-3098.030000000001,1.7936280884265283,17.34574692780338,542.1,-0.5740711726723262,-0.24503090304825617
2006-06-01,23.183333333333334,28.529999999999998,17.64333333333333,2.1,177.97,768.64,19.34333333333333,5.705596396790085,-175.87,-3273.900000000001,80.89545454545454,17.34074692780338,544.1999999999999,-0.5565072308913478,-0.2404504679877596
2006-07-01,26.503225806451614,32.3741935483871,20.287096774193547,0.0,198.16,842.12,17.483870967741936,9.025488869908365,-198.16,-3472.060000000001,1981.6,17.413596390168973,543.6999999999999,-0.5606891217915809,-0.24806389383155844
2006-08-01,25.225806451612904,30.55806451612903,20.216129032258067,1.9,177.09,760.77,19.741935483870968,7.7480695150696555,-175.19,-3647.250000000001,88.545,17.461983486943165,541.9000000000001,-0.5757439290324189,-0.30154356805141697
2006-09-01,23.033333333333335,28.35,18.46333333333333,27.3,132.88,588.96,17.426666666666666,5.5555963967900865,-105.58,-3752.830000000001,4.84963503649635,17.555872375832056,549.1,-0.5155247000690623,-0.30036751040074916
2006-10-01,21.06451612903226,26.719354838709677,16.448387096774194,12.299999999999999,110.23,480.69,15.899999999999999,3.5867791924890113,-97.93,-3850.7600000000007,8.889516129032259,17.698345494111624,523.8,-0.7271283796208599,-0.5579241358970857
2006-11-01,16.64,21.740000000000002,12.753333333333334,20.3,77.33,333.68,16.766666666666666,-0.8377369365432479,-57.03,-3907.790000000001,3.7906862745098033,17.94751216077829,454.5,-1.306738458393173,-1.1185941464103797
2006-12-01,12.019354838709678,15.570967741935483,9.316129032258065,122.7,44.9,231.92,18.92258064516129,-5.458382097833571,77.80000000000001,-3829.9900000000007,0.36563517915309446,18.07681323604711,497.1,-0.9504413536933091,-0.8453773848288293
2007-01-01,10.883870967741935,16.23548387096774,6.883870967741935,9.9,52.11,316.33,14.406451612903224,-6.593865968801314,-42.21,-3872.2000000000007,5.211,18.201813236047105,428.59999999999997,-1.52336040702525,-1.3086203036499258
2007-02-01,12.9,16.939285714285713,9.617857142857144,77.4,65.26,364.15,22.557142857142857,-4.577736936543248,12.14,-3860.060000000001,0.8420645161290323,18.465206093189966,410.7,-1.6730721012535965,-1.4788391741413762
2007-03-01,12.070967741935483,16.303225806451614,8.55483870967742,147.8,83.86,525.95,22.25483870967742,-5.406769194607765,63.94000000000001,-3796.120000000001,0.5670047329276537,18.36870071684588,535.8,-0.6267629980152644,-0.6212455557199054
2007-04-01,14.71,18.666666666666668,11.34,125.5,91.54,590.0,19.31,-2.7677369365432476,33.959999999999994,-3762.1600000000008,0.7288216560509555,18.202867383512544,624.0,0.11092255678586238,0.10642464118827366
2007-05-01,18.4741935483871,23.387096774193548,13.44516129032258,9.2,145.86,789.49,17.62258064516129,0.9964566118438505,-136.66000000000003,-3898.8200000000006,15.683870967741939,18.05905017921147,556.4,-0.45446909292565874,-0.36108922383788145
2007-06-01,21.529999999999998,26.43,16.613333333333333,0.0,158.42000000000002,812.53,18.126666666666665,4.052263063456749,-158.42000000000002,-4057.2400000000007,1584.2,17.921272401433693,554.3000000000001,-0.47203303470663716,-0.2530776132896706
2007-07-01,25.12258064516129,30.648387096774194,19.612903225806452,0.30000000000000004,194.54,854.7,18.364516129032257,7.6448437086180405,-194.23999999999998,-4251.4800000000005,486.34999999999997,17.80621863799283,554.6,-0.46952390016649764,-0.2288136870232518
2007-08-01,26.26451612903226,32.16451612903226,21.125806451612902,2.5999999999999996,179.98,743.35,18.63225806451613,8.78677919248901,-177.38,-4428.860000000001,66.65925925925926,17.892777777777777,555.3,-0.46366925290617184,-0.24236929889148037
2007-09-01,22.876666666666665,27.783333333333335,18.84,30.1,132.8,566.63,19.78666666666667,5.398929730123417,-102.70000000000002,-4531.56,4.397350993377484,17.879722222222224,558.1,-0.44025066386486567,-0.22454274081819395
2007-10-01,18.809677419354838,22.919354838709676,15.432258064516128,132.0,83.12,423.84000000000003,18.200000000000003,1.3319404828115893,48.879999999999995,-4482.68,0.629220287660863,17.69181899641577,677.8000000000001,0.5608940176509492,0.6841784365217999
2007-11-01,12.92,16.943333333333335,9.786666666666667,141.79999999999998,50.87,298.74,15.54,-4.5577369365432485,90.92999999999998,-4391.75,0.35849189570119805,17.38181899641577,799.3,1.577093506407602,1.6000178575368913
2007-12-01,10.59032258064516,14.361290322580645,7.522580645161291,47.6,45.77,268.95,15.606451612903227,-6.887414355898088,1.8299999999999983,-4389.92,0.9595387840670859,17.262732974910396,724.1999999999999,0.9489734931925836,1.1297804905828732
2008-01-01,10.45483870967742,15.345161290322581,6.661290322580645,25.400000000000002,50.05,326.63,14.712903225806452,-7.022898226865829,-24.649999999999995,-4414.57,1.9627450980392154,17.22698028673835,739.6999999999999,1.078612111099811,1.2384729766130507
2008-02-01,11.437931034482759,16.348275862068967,7.337931034482759,22.0,65.19,390.67,16.30344827586207,-6.03980590206049,-43.19,-4457.759999999999,2.9497737556561083,17.10514120627858,684.3,0.615258599353979,0.8959926091842522
2008-03-01,12.783870967741937,17.419354838709676,8.551612903225807,50.2,96.63,562.51,22.383870967741935,-4.693865968801312,-46.42999999999999,-4504.19,1.9210735586481111,17.16454980842912,586.7,-0.20104650437152968,0.21282690968820178
2008-04-01,15.576666666666666,20.813333333333333,10.466666666666667,20.0,126.89,705.39,19.966666666666665,-1.9010702698765822,-106.89,-4611.08,6.312935323383084,17.23677203065134,481.2,-1.0834254843207234,-0.6590031960834636
2008-05-01,17.61935483870968,21.893548387096775,13.780645161290321,67.9,123.39,690.09,20.36774193548387,0.14161790216643055,-55.489999999999995,-4666.57,1.8145588235294117,17.165535471511557,539.9,-0.5924714926333524,-0.15657898816378926
2008-06-01,21.60666666666667,26.84333333333333,16.253333333333334,13.299999999999999,163.01,807.67,18.346666666666668,4.128929730123421,-149.70999999999998,-4816.28,12.164925373134329,17.171924360400446,553.2,-0.48123319468715026,-0.1026660295463151
2008-07-01,25.887096774193548,31.51290322580645,20.44193548387097,0.4,187.76,822.27,18.551612903225806,8.4093598376503,-187.35999999999999,-5003.639999999999,375.52,17.2356340378198,553.3000000000001,-0.4803968165071034,-0.06008036303790862
2008-08-01,25.874193548387098,31.493548387096773,20.483870967741936,9.700000000000001,175.73,763.82,17.938709677419357,8.396456611843849,-166.03,-5169.669999999999,17.93163265306122,17.203107156099367,560.4,-0.42101396572379357,0.010173607146744703
2008-09-01,23.316666666666666,28.14333333333333,19.23,65.2,129.8,531.67,18.976666666666667,5.838929730123418,-64.60000000000001,-5234.2699999999995,1.987748851454824,17.239773822766036,595.5,-0.12744522452742676,0.24600411499126346
2008-10-01,19.02258064516129,23.432258064516127,15.464516129032257,105.9,84.66,430.51,16.538709677419355,1.5448437086180427,21.24000000000001,-5213.03,0.7986792452830188,17.25751575824991,569.4,-0.345739929519597,0.0749186757045839
2008-11-01,13.18,17.006666666666668,10.056666666666667,148.9,61.519999999999996,308.69,20.866666666666667,-4.297736936543249,87.38000000000001,-5125.65,0.4128859060402684,17.279182424916574,576.5,-0.2863570787362862,0.05294496696841512
2008-12-01,10.074193548387097,13.83548387096774,7.238709677419355,141.4,43.35,243.88,20.474193548387095,-7.403543388156152,98.05000000000001,-5027.599999999999,0.3063604240282686,17.2361716722284,670.3000000000001,0.49816565414745195,0.6485253203752277
2009-01-01,10.490322580645161,13.858064516129032,7.625806451612903,122.0,49.879999999999995,273.48,24.32903225806452,-6.987414355898087,72.12,-4955.48,0.4085176085176085,17.239128661475714,766.9000000000001,1.3061069760724953,1.2475100511918698
2009-02-01,10.107142857142858,14.492857142857144,6.382142857142857,20.5,66.06,388.05,21.5,-7.370594079400391,-45.56,-5001.04,3.2067961165048544,17.12822964669739,765.4000000000001,1.2935613033717959,1.2328402794440618
2009-03-01,11.82258064516129,16.88064516129032,7.264516129032257,59.9,88.89,570.76,19.80322580645161,-5.655156291381958,-28.990000000000002,-5030.03,1.4815,17.04812211981567,775.1,1.3746899868363183,1.3407899922211848
2009-04-01,13.516666666666667,17.766666666666666,9.693333333333333,80.1,98.39,626.7,19.59,-3.961070269876581,-18.290000000000006,-5048.32,1.2268079800498755,16.876455453149003,835.2,1.8773532730443423,1.8892042440590942
2009-05-01,19.274193548387096,24.42258064516129,14.035483870967743,31.7,155.71,803.43,17.6,1.7964566118438476,-124.01,-5172.33,4.896540880503145,17.014358678955453,799.0,1.5745843718674624,1.465080716565487
2009-06-01,23.540000000000003,29.25,17.533333333333335,0.0,187.45,850.83,17.62,6.062263063456754,-187.45,-5359.78,1874.4999999999998,17.175469790066565,785.6999999999999,1.4633460739212603,1.2314785284801293
2009-07-01,26.990322580645163,32.561290322580646,21.258064516129032,0.9,194.04,841.03,16.03548387096774,9.512585644101915,-193.14,-5552.92,194.04,17.26740527393753,786.2,1.4675279648214943,1.195701616791381
2009-08-01,26.13225806451613,31.361290322580647,21.241935483870968,3.7,171.32,739.22,18.30322580645161,8.654521127972881,-167.62,-5720.54,45.084210526315786,17.28891065028162,780.2,1.4173452740186965,1.1858598711884205
2009-09-01,21.823333333333334,26.290000000000003,18.10666666666667,81.9,115.6,554.51,17.773333333333333,4.345596396790086,-33.69999999999999,-5754.24,1.4097560975609755,17.164466205837176,796.9,1.557020430086483,1.3771239838497236
2009-10-01,18.77741935483871,23.793548387096774,14.596774193548388,24.9,95.18,464.94,15.709677419354838,1.2996824182954612,-70.28,-5824.5199999999995,3.8072000000000004,17.14403609831029,715.9000000000001,0.8795541042487147,0.8106355828541759
2009-11-01,15.733333333333333,20.953333333333333,11.996666666666666,56.199999999999996,75.61,333.66,19.073333333333334,-1.744403603209916,-19.410000000000004,-5843.929999999999,1.3429840142095915,17.35681387608807,623.1999999999999,0.10423153134548878,0.1496292854075583
2009-12-01,13.093548387096773,17.419354838709676,9.603225806451613,106.2,59.7,253.15,22.73225806451613,-4.384188549446476,46.5,-5797.429999999999,0.561618062088429,17.608426779313877,588.0,-0.1901735880309239,-0.16945372455005195
2010-01-01,11.429032258064517,15.029032258064515,8.264516129032257,78.0,56.03,279.26,25.86774193548387,-6.048704678478732,21.97,-5775.459999999999,0.7174135723431498,17.68665258576549,544.0,-0.5581799872514405,-0.4798710465553696
2010-02-01,12.528571428571428,16.428571428571427,8.928571428571429,82.3,65.85,322.49,23.95,-4.94916550797182,16.450000000000003,-5759.009999999999,0.7991504854368933,17.888438300051202,605.8,-0.0412982719826244,-0.09604296803992017
2010-03-01,12.887096774193548,17.116129032258065,9.064516129032258,80.0,84.92,524.73,20.700000000000003,-4.5906401623497,-4.920000000000002,-5763.929999999999,1.0601747815230962,17.97714797747056,625.9,0.12681374220674813,0.052944966968414414
2010-04-01,15.193333333333333,19.52,11.023333333333333,48.4,98.56,616.58,17.876666666666665,-2.284403603209915,-50.160000000000004,-5814.089999999999,2.0321649484536084,18.11687019969278,594.1999999999999,-0.1383181408680335,-0.14432322948840473
2010-05-01,17.009677419354837,21.53548387096774,12.448387096774193,39.9,130.8,730.91,19.98709677419355,-0.46805951718841143,-90.9,-5904.989999999999,3.2700000000000005,17.928160522273426,602.4000000000001,-0.06973513010420863,0.06062029058330169
2010-06-01,21.240000000000002,26.346666666666668,15.826666666666666,6.4,164.5,811.62,18.673333333333336,3.7622630634567535,-158.1,-6063.089999999999,25.307692307692307,17.736493855606756,608.8000000000001,-0.016206926581224593,0.2422902487259953
2010-07-01,25.796774193548387,31.46451612903226,19.932258064516127,0.0,200.73,849.06,19.438709677419357,8.319037257005139,-200.73,-6263.819999999999,2007.2999999999997,17.637031490015364,607.9,-0.02373433020164501,0.19530984047035477
2010-08-01,25.248387096774195,30.551612903225806,20.419354838709676,35.4,166.7,738.7,17.761290322580646,7.770650160230947,-131.29999999999998,-6395.119999999999,4.6957746478873235,17.563375576036865,639.6,0.2413975528731366,0.42012254506124525
2010-09-01,22.616666666666667,27.740000000000002,18.083333333333332,21.7,130.63,584.09,17.863333333333333,5.138929730123419,-108.92999999999999,-6504.049999999999,5.992201834862385,17.629486687147978,579.4,-0.2621021115149341,-0.04553438683227544
2010-10-01,18.451612903225808,23.338709677419356,14.67741935483871,110.6,91.75,439.14,18.874193548387098,0.9738759666825594,18.849999999999994,-6485.199999999999,0.8288166214995484,17.60233614951357,665.0999999999999,0.45467398878502596,0.5061604468732867
2010-11-01,14.22,17.366666666666667,11.57,125.9,56.94,262.6,22.44333333333333,-3.257736936543248,68.96000000000001,-6416.239999999999,0.45190476190476186,17.476225038402458,734.8,1.0376295802775264,1.0531510499761774
2010-12-01,11.580645161290322,15.98709677419355,8.190322580645162,74.1,58.49,262.28,20.58709677419355,-5.897091775252926,15.609999999999992,-6400.629999999999,0.7882749326145554,17.350149769585254,702.6999999999999,0.7691521844825585,0.8619488350859628
2011-01-01,10.619354838709677,14.925806451612903,7.27741935483871,59.6,46.4,283.23,17.83225806451613,-6.858382097833571,13.200000000000003,-6387.429999999999,0.777219430485762,17.28267665130568,684.3,0.615258599353979,0.8076644898419622
2011-02-01,10.217857142857143,14.235714285714286,6.664285714285714,125.80000000000001,53.33,340.81,20.00357142857143,-7.259879793686105,72.47000000000001,-6314.959999999999,0.42359015091342334,17.09011712749616,727.8,0.9790831076742624,1.1544158034758178
2011-03-01,12.870967741935484,17.532258064516128,8.874193548387098,56.0,92.38,560.08,20.38064516129032,-4.6067691946077645,-36.379999999999995,-6351.339999999999,1.6467023172905524,17.088773041474656,703.8,0.7783523444630716,0.9596854156335997
2011-04-01,16.386666666666667,21.54,11.496666666666666,87.6,114.91,664.54,19.503333333333334,-1.0910702698765817,-27.310000000000002,-6378.65,1.3102622576966934,17.1882174859191,743.0,1.1062125910413503,1.1011218225692225
2011-05-01,18.664516129032258,23.20967741935484,14.174193548387096,66.8,133.18,724.86,18.82903225806452,1.1867791924890092,-66.38000000000001,-6445.03,1.990732436472347,17.32612071172555,769.9,1.3311983214738932,1.2528951572765084
2011-06-01,21.58,26.209999999999997,16.71333333333333,30.299999999999997,152.05,784.29,15.846666666666666,4.10226306345675,-121.75000000000001,-6566.78,5.001644736842106,17.354454045058883,793.8,1.5310927065050373,1.477893555180662
2011-07-01,25.806451612903224,31.038709677419355,20.48709677419355,1.4,189.1,826.12,19.09032258064516,8.328714676359976,-187.7,-6754.48,126.06666666666666,17.355260496671786,795.1999999999999,1.5428020010256898,1.5585463509080655
2011-08-01,26.53548387096774,32.42580645161291,20.81935483870968,0.0,186.24,769.75,18.203225806451613,9.057746934424493,-186.24,-6940.719999999999,1862.4,17.462518561187917,759.8,1.2467241252891836,1.218479996551691
2011-09-01,23.223333333333336,28.46333333333333,18.403333333333332,11.1,135.21,603.22,18.873333333333335,5.745596396790088,-124.11000000000001,-7064.829999999999,12.07232142857143,17.51307411674347,749.2,1.1580680382042416,1.1245191800404108
2011-10-01,19.396774193548385,24.638709677419353,15.129032258064516,64.2,98.36,461.92,16.73548387096774,1.9190372570051366,-34.16,-7098.989999999999,1.5297045101088647,17.591837557603686,702.8000000000001,0.7699885626626063,0.7963990955039822
2011-11-01,15.29,19.36,12.196666666666665,107.2,61.83,290.35,19.526666666666664,-2.1877369365432493,45.370000000000005,-7053.619999999999,0.5762348555452004,17.681004224270353,684.1,0.6135858429938863,0.6503822535078607
2011-12-01,11.803225806451612,15.638709677419355,8.674193548387096,51.9,49.9,268.25,17.33225806451613,-5.674511130091636,2.0,-7051.619999999999,0.9596153846153845,17.699552611367128,661.9,0.4279098870235344,0.5661393870573653
2012-01-01,9.948387096774193,14.403225806451612,6.254838709677419,38.9,50.38,321.22,16.83225806451613,-7.529349839769056,-11.480000000000004,-7063.0999999999985,1.291794871794872,17.643638632872506,641.2,0.25477960375388287,0.4133756880126748
2012-02-01,7.06551724137931,11.196551724137931,3.3344827586206898,167.0,50.16,376.16,18.351724137931036,-10.412219695163937,116.84,-6946.259999999998,0.3001795332136445,17.380943641082684,682.4000000000001,0.5993674139330942,0.6880160983292435
2012-03-01,12.119354838709677,16.906451612903226,8.009677419354839,76.6,81.2,554.24,16.845161290322583,-5.358382097833571,-4.6000000000000085,-6950.859999999999,1.0586701434159063,17.318309232480534,703.0,0.771661319022699,0.8847272148462729
2012-04-01,14.55,18.69333333333333,10.606666666666666,127.6,108.48,653.65,21.683333333333334,-2.9277369365432477,19.11999999999999,-6931.739999999999,0.8494909945184026,17.16525367692498,743.0,1.1062125910413503,1.172118566006928
2012-05-01,18.36774193548387,23.53548387096774,13.096774193548388,28.0,146.07,804.43,18.096774193548388,0.890004998940622,-118.07,-7049.809999999999,5.198220640569395,17.140522494129282,704.1999999999999,0.7816978571832579,0.8521689872540894
2012-06-01,24.45,30.206666666666667,18.64,0.8,180.83,818.7,18.05,6.972263063456751,-180.03,-7229.839999999998,200.92222222222222,17.379689160795945,674.6999999999999,0.5349662940695025,0.4914287773543902
2012-07-01,25.65806451612903,31.029032258064515,20.193548387096776,0.0,193.92000000000002,843.34,18.270967741935483,8.180327579585782,-193.92000000000002,-7423.759999999998,1939.2,17.367323569398096,673.3,0.5232569995488499,0.45292836373777906
2012-08-01,28.18064516129032,34.29354838709677,22.103225806451615,4.5,189.12,763.79,15.670967741935485,10.702908224747073,-184.62,-7608.379999999998,41.11304347826087,17.504420343591644,677.8,0.5608940176509482,0.462955802654002
2012-09-01,23.33,28.6,18.663333333333334,11.6,131.0,562.58,18.60666666666667,5.85226306345675,-119.4,-7727.779999999998,11.196581196581198,17.513309232480534,678.3,0.5650759085511813,0.4921096528363561
2012-10-01,20.345161290322583,25.519354838709678,16.09032258064516,89.9,108.3,462.23,17.870967741935484,2.8674243537793345,-18.39999999999999,-7746.179999999998,1.2033333333333334,17.59234149054505,704.0,0.7800251008231652,0.5896605400707291
2012-11-01,15.656666666666666,19.73,12.45,113.4,55.57,273.74,19.946666666666665,-1.8210702698765822,57.830000000000005,-7688.349999999998,0.4896035242290749,17.622897046100604,710.2,0.8318805479860566,0.6667851628461283
2012-12-01,12.09032258064516,16.206451612903226,8.887096774193548,26.8,50.71,267.43,18.125806451612902,-5.387414355898088,-23.91,-7712.2599999999975,1.8851301115241634,17.6468217772834,685.1,0.6219496247943526,0.5064080379576383
2013-01-01,11.19032258064516,14.848387096774195,8.33548387096774,133.6,57.49,285.01,26.493548387096773,-6.287414355898088,76.10999999999999,-7636.149999999998,0.42999252056843684,17.750316400939315,779.8,1.4139997612985094,1.0485706149156795
2013-02-01,9.942857142857141,13.739285714285714,6.610714285714286,108.0,62.800000000000004,346.02,25.057142857142857,-7.534879793686107,45.199999999999996,-7590.949999999998,0.5809435707678077,17.99009472606247,720.8,0.9205366350709985,0.6051349828426792
2013-03-01,13.870967741935484,17.4258064516129,10.63225806451613,91.8,95.22,518.22,27.870967741935484,-3.6067691946077645,-3.4200000000000017,-7594.369999999998,1.0361262241566922,18.136062467997952,736.0,1.0476661184380864,0.6124389198310393
2013-04-01,14.876666666666667,19.220000000000002,10.803333333333335,66.4,106.99,650.03,20.203333333333333,-2.6010702698765815,-40.58999999999999,-7634.959999999998,1.6088721804511277,18.163284690220173,674.8000000000001,0.5358026722495502,0.24284732866578498
2013-05-01,16.45483870967742,20.4,12.37741935483871,157.2,116.53999999999999,701.06,20.18064516129032,-1.022898226865827,40.66,-7594.299999999998,0.7408773045136682,18.003876088069635,804.0,1.6164032808697937,1.225350649142437
2013-06-01,19.863333333333333,24.93,14.65,0.5,161.43,848.92,20.293333333333333,2.385596396790085,-160.93,-7755.229999999999,269.05,17.621653865847414,803.7,1.6138941463296543,1.3435753919201348
2013-07-01,24.529032258064515,29.74516129032258,19.219354838709677,1.1,178.6,831.81,18.37741935483871,7.051295321521266,-177.5,-7932.729999999999,148.83333333333331,17.527567844342038,804.8000000000001,1.6230943063101673,1.445211532046303
2013-08-01,25.293548387096774,30.783870967741933,20.003225806451614,14.5,175.2,754.11,19.212903225806453,7.815811450553525,-160.7,-8093.4299999999985,12.0,17.286976446492574,814.8000000000001,1.7067321243148301,1.593271000488321
2013-09-01,22.803333333333335,27.323333333333334,18.986666666666668,30.5,117.92,557.86,17.873333333333335,5.325596396790086,-87.42,-8180.8499999999985,3.85359477124183,17.243087557603687,833.7,1.864807600343643,1.7912200724271061
2013-10-01,21.95483870967742,27.23225806451613,17.806451612903224,31.6,104.04,451.88,16.099999999999998,4.477101773134173,-72.44,-8253.289999999999,3.282018927444795,17.377227342549926,775.4,1.3771991213764578,1.456724517468634
2013-11-01,13.76,16.96,11.063333333333333,138.79999999999998,58.910000000000004,279.41,21.783333333333335,-3.7177369365432487,79.88999999999999,-8173.399999999999,0.42411807055435574,17.21917178699437,800.8,1.5896391791083013,1.5932710004883208
2013-12-01,10.80967741935484,15.080645161290322,7.377419354838709,49.2,44.51,254.39,15.97741935483871,-6.668059517188409,4.690000000000005,-8168.709999999999,0.902839756592292,17.11245135688684,823.2,1.776987891438747,1.7702986257994293
2014-01-01,12.138709677419355,16.09032258064516,9.151612903225805,66.39999999999999,58.67,285.49,23.283870967741933,-5.339027259123894,7.72999999999999,-8160.98,0.8822556390977446,17.191483614951355,756.0,1.2149417544474121,1.3470416671010519
2014-02-01,12.49642857142857,16.589285714285715,8.775,70.3,68.91,374.26,23.714285714285715,-4.981308365114678,1.3900000000000006,-8159.589999999999,0.9788352272727273,17.404281233998976,718.3,0.8996271805698327,1.0758675319653999
2014-03-01,12.148387096774194,16.10967741935484,8.33548387096774,130.2,86.51,540.1,21.4,-5.329349839769055,43.68999999999998,-8115.9,0.6639293937068306,17.2607328469022,756.7,1.2207964017077388,1.3674679315600258
2014-04-01,16.523333333333333,21.703333333333333,11.463333333333333,7.4,130.79,710.65,19.5,-0.954403603209915,-123.38999999999999,-8239.289999999999,17.438666666666666,17.397955069124425,697.6999999999999,0.7273332754802271,0.8549543869530407
2014-05-01,17.938709677419357,23.041935483870965,12.774193548387096,32.7,148.57,813.62,18.687096774193545,0.46097274087610884,-115.86999999999999,-8355.16,4.529573170731706,17.521610983102917,573.1999999999999,-0.3139575586778255,-0.11393142388429503
2014-06-01,21.886666666666667,26.84,16.52,53.7,161.97,796.96,18.23,4.408929730123418,-108.27,-8463.43,3.010594795539033,17.690222094214032,626.4,0.13099563310698126,0.2120222386640604
2014-07-01,24.84193548387097,30.316129032258065,18.951612903225808,0.0,191.89,845.23,17.322580645161292,7.364198547327721,-191.89,-8655.32,1918.8999999999999,17.716297363031234,625.3,0.12179547312646817,0.12295134606871605
2014-08-01,25.82903225806452,31.490322580645163,20.43548387096774,1.0,176.25,779.12,16.606451612903225,8.35129532152127,-175.25,-8830.57,160.22727272727272,17.760921018945215,611.8,0.008884418820173313,0.03289008913596711
2014-09-01,25.06,30.366666666666667,20.273333333333333,9.100000000000001,136.99,584.77,16.74,7.58226306345675,-127.89000000000001,-8958.46,14.890217391304347,17.94897657450077,590.4,-0.170100511709805,-0.2176101904563603
2014-10-01,20.43548387096774,26.116129032258065,15.816129032258065,48.800000000000004,101.81,466.15000000000003,15.406451612903227,2.9577469344244918,-53.01,-9011.47,2.08200408997955,17.82236367127496,607.5999999999999,-0.026243464741785467,-0.0973428212327642
2014-11-01,16.793333333333333,21.293333333333333,13.4,63.7,78.75,301.22,20.13,-0.6844036032099154,-15.049999999999997,-9026.519999999999,1.2343260188087772,18.07514144905274,532.5,-0.6543634779568027,-0.6850002599403392
2014-12-01,11.36774193548387,14.648387096774194,8.764516129032257,119.5,49.0,242.14,20.95483870967742,-6.109995001059378,70.5,-8956.019999999999,0.4096989966555184,18.121646825396827,602.8,-0.06638961738402326,-0.2776510284115267
2015-01-01,9.983870967741936,14.238709677419354,6.670967741935484,85.5,50.86,289.46,20.061290322580643,-7.4938659688013125,34.64,-8921.38,0.594158878504673,17.942076932923708,621.9,0.09335861500488299,-0.11108412641425601
2015-02-01,9.928571428571429,13.114285714285714,7.007142857142857,127.2,54.81,320.62,24.82857142857143,-7.54916550797182,72.39,-8848.99,0.43055773762765126,17.72808883768561,678.8,0.5692577994514144,0.32839004830912444
2015-03-01,12.48709677419355,17.283870967741933,8.064516129032258,58.8,90.35,561.35,17.358064516129033,-4.990640162349699,-31.549999999999997,-8880.539999999999,1.5339558573853989,17.756314644137227,607.4,-0.027916221101878153,-0.13732878135548332
2015-04-01,16.15,21.37,11.42,4.300000000000001,128.0,725.18,19.993333333333332,-1.3277369365432499,-123.7,-9004.24,29.09090909090909,17.725203533026114,604.3000000000001,-0.053843944683322875,-0.1392476122592055
2015-05-01,19.529032258064515,24.961290322580645,13.935483870967742,13.3,156.01,793.22,18.85483870967742,2.051295321521266,-142.70999999999998,-9146.949999999999,11.642537313432834,17.857730414746545,584.9,-0.21610131161236956,-0.3053812298588606
2015-06-01,22.740000000000002,28.196666666666665,16.89,5.2,180.3,828.27,18.983333333333334,5.2622630634567535,-175.10000000000002,-9322.05,34.01886792452831,17.928841525857653,536.4000000000001,-0.6217447289349834,-0.7190440340386294
2015-07-01,27.4741935483871,33.79677419354839,20.687096774193545,0.0,212.26,848.57,18.0,9.99645661184385,-212.26,-9534.31,2122.6,18.148196364567333,536.4000000000001,-0.6217447289349834,-0.8451297937444783
2015-08-01,27.09032258064516,32.28064516129032,22.287096774193547,0.6000000000000001,177.71,742.19,18.496774193548386,9.612585644101912,-177.11,-9711.42,253.87142857142857,18.253303891449054,536.0,-0.6250902416551708,-0.8566427791668092
2015-09-01,23.06,27.636666666666667,19.133333333333333,20.7,122.78,549.13,18.45,5.58226306345675,-102.08,-9813.5,5.9028846153846155,18.086637224782386,547.6,-0.5280703727697617,-0.6968846319891974
2015-10-01,19.716129032258067,24.351612903225806,16.070967741935483,105.7,88.75,431.0,15.458064516129031,2.2383920957148185,16.950000000000003,-9796.55,0.8388468809073725,18.026690988223248,604.5,-0.05217118832323019,-0.2638478254589472
2015-11-01,14.646666666666667,19.113333333333333,11.01,39.5,59.15,324.45,15.096666666666666,-2.831070269876582,-19.65,-9816.199999999999,1.4936868686868685,17.84780209933436,580.3,-0.2545747078945147,-0.2923208001593347
2015-12-01,11.961290322580645,18.083870967741937,7.761290322580645,0.1,49.54,296.19,11.593548387096773,-5.516446613962604,-49.44,-9865.64,247.7,17.897264464925755,460.9,-1.2532102548701889,-1.0347226665864102
2016-01-01,12.764516129032257,17.36774193548387,8.935483870967742,67.9,62.43,300.33,20.103225806451615,-4.713220807510991,5.470000000000006,-9860.17,0.9180882352941176,18.12898489503328,443.29999999999995,-1.4004128145583958,-1.215278464849523
2016-02-01,12.720689655172412,16.786206896551725,9.4,90.5,74.04,367.72,25.63103448275862,-4.757047281370836,16.459999999999994,-9843.710000000001,0.8172185430463578,18.361661413916696,406.6,-1.7073636066355078,-1.5614726985435896
2016-03-01,12.09032258064516,16.34516129032258,8.170967741935485,141.7,85.53,534.58,20.080645161290324,-5.387414355898088,56.16999999999999,-9787.54,0.6031734837799718,18.328596897787666,489.5,-1.014006095376853,-1.0185054505614064
2016-04-01,14.926666666666668,19.476666666666667,10.753333333333334,58.0,104.36,651.17,18.123333333333335,-2.551070269876581,-46.36,-9833.900000000001,1.7962134251290878,18.22665245334322,543.2,-0.5648710126918131,-0.5397880889683598
2016-05-01,18.05483870967742,22.687096774193545,13.32258064516129,27.4,140.76,773.97,19.38064516129032,0.5771017731341708,-113.35999999999999,-9947.260000000002,5.118545454545454,18.10380299097763,557.3,-0.44694168930523925,-0.35811813082566696
2016-06-01,22.763333333333332,28.206666666666667,16.81,1.1,176.71,821.35,18.506666666666668,5.285596396790083,-175.61,-10122.870000000003,147.25833333333333,18.105747435422074,553.2,-0.48123319468715026,-0.361274917151144
2016-07-01,25.700000000000003,31.293548387096774,20.174193548387095,0.7,202.31,842.98,20.19677419354839,8.222263063456754,-201.61,-10324.480000000003,252.88750000000002,17.957897973056482,553.9,-0.47537854742682445,-0.29535379094263764
2016-08-01,25.08709677419355,30.470967741935485,20.029032258064515,0.4,177.42000000000002,768.21,19.858064516129033,7.609359837650302,-177.02,-10501.500000000004,354.84000000000003,17.790962489185514,553.7,-0.4770513037869171,-0.29479671100284727
2016-09-01,23.673333333333336,29.116666666666667,18.540000000000003,15.0,137.14,599.36,16.64,6.195596396790087,-122.13999999999999,-10623.640000000003,9.082119205298012,17.842073600296626,548.0,-0.5247248600495753,-0.41896363980497403
2016-10-01,21.664516129032258,27.22258064516129,17.283870967741933,20.4,104.13,469.14,16.225806451612904,4.186779192489009,-83.72999999999999,-10707.370000000003,5.079512195121951,18.004439191694477,462.7,-1.2381554476293495,-1.0421503991169456
2016-11-01,15.386666666666667,19.873333333333335,11.886666666666667,125.1,64.81,287.54,17.75,-2.0910702698765817,60.28999999999999,-10647.080000000002,0.5176517571884984,18.06610585836114,548.3,-0.5222157255094358,-0.5473396170410716
2016-12-01,12.383870967741935,16.31935483870968,9.364516129032259,113.2,39.83,247.53,13.941935483870967,-5.093865968801314,73.37,-10573.710000000001,0.35154457193292143,18.10132091212458,661.4,0.42372799612330125,0.21282690968820248
2017-01-01,9.635483870967741,13.451612903225806,6.645161290322581,181.9,44.07,281.15,18.60967741935484,-7.842253065575507,137.83,-10435.880000000001,0.24214285714285713,17.84056822395254,775.4,1.3771991213764578,1.0321058078063248
2017-02-01,12.6,16.982142857142858,9.1,20.7,71.18,370.95,21.775000000000002,-4.877736936543249,-50.480000000000004,-10486.36,3.4221153846153847,17.830510752688173,705.6,0.7934071517039114,0.6177621281445909
2017-03-01,13.651612903225805,18.848387096774193,9.116129032258065,40.3,98.05,585.05,20.190322580645162,-3.826124033317443,-57.75,-10544.11,2.426980198019802,17.960618279569893,604.2,-0.0546803228633697,-0.0873772800876283
2017-04-01,15.54,20.633333333333333,10.6,13.600000000000001,120.67,696.31,19.209999999999997,-1.9377369365432493,-107.07,-10651.18,8.808029197080291,18.011729390681005,559.8000000000001,-0.4260322348040726,-0.46315864836166326
2017-05-01,20.425806451612903,26.067741935483873,14.906451612903224,1.3,165.85,799.4,20.4741935483871,2.9480695150696548,-164.54999999999998,-10815.73,118.4642857142857,18.209310035842297,533.7,-0.6443269397962428,-0.7800133385601119
2017-06-01,24.673333333333336,30.316666666666666,19.046666666666667,3.8,187.01,817.74,18.84333333333333,7.195596396790087,-183.20999999999998,-10998.939999999999,47.95128205128205,18.36847670250896,536.4000000000001,-0.6217447289349834,-0.8270556445868402
2017-07-01,26.796774193548387,32.49032258064516,20.996774193548386,0.9,198.6,840.67,17.248387096774195,9.319037257005139,-197.7,-11196.64,198.6,18.45987455197133,536.6,-0.6200719725748908,-0.8028536160915105
2017-08-01,27.638709677419353,33.148387096774194,22.73225806451613,1.4000000000000001,178.64000000000001,729.04,18.825806451612905,10.160972740876105,-177.24,-11373.88,119.09333333333332,18.672508960573477,537.6,-0.6117081907744245,-0.8042153670554416
2017-09-01,23.376666666666665,28.956666666666667,18.490000000000002,10.7,139.48,609.67,18.44,5.898929730123417,-128.78,-11502.66,12.914814814814815,18.647786738351254,533.3000000000001,-0.6476724525164291,-0.8453154870577408
2017-10-01,19.37741935483871,25.200000000000003,14.319354838709677,30.9,101.93,485.36,15.361290322580645,1.8996824182954626,-71.03,-11573.69,3.2880645161290323,18.45719534050179,543.8000000000001,-0.5598527436115331,-0.7667053177762351
2017-11-01,13.916666666666666,18.87,10.110000000000001,101.1,61.33,306.68,16.323333333333334,-3.5610702698765824,39.769999999999996,-11533.92,0.6060276679841897,18.334695340501792,519.8,-0.7605835068227249,-0.8937195440484008
2017-12-01,11.09032258064516,14.832258064516129,8.048387096774194,118.5,48.62,252.11,20.299999999999997,-6.387414355898088,69.88,-11464.04,0.4099494097807757,18.22689964157706,525.1,-0.716255463280253,-0.9153218661580431
2018-01-01,11.461290322580645,15.97741935483871,7.851612903225806,59.3,58.42,326.24,19.322580645161292,-6.016446613962604,0.8799999999999955,-11463.160000000002,0.9835016835016835,18.379050179211468,402.5,-1.7416551120174197,-1.7630118412054665
2018-02-01,9.914285714285715,13.935714285714285,6.5321428571428575,109.6,55.41,357.93,20.317857142857143,-7.563451222257534,54.19,-11408.970000000001,0.5051048313582498,18.155240655401943,491.4,-0.9981149099559673,-1.1151278712294626
2018-03-01,13.422580645161291,17.0258064516129,10.206451612903225,152.2,88.37,498.18,27.583870967741937,-4.055156291381957,63.829999999999984,-11345.140000000001,0.580236375574524,18.13615463389657,603.3,-0.06220772648379012,-0.362574770343988
2018-04-01,15.623333333333333,20.186666666666667,11.456666666666667,94.19999999999999,111.97,635.61,21.803333333333335,-1.8544036032099154,-17.77000000000001,-11362.910000000002,1.1873806998939556,18.143099078341013,683.8999999999999,0.6119130866337917,0.1901723254700671
2018-05-01,16.716129032258067,20.490322580645163,12.95483870967742,74.6,116.1,707.85,16.596774193548388,-0.7616079042851815,-41.5,-11404.410000000002,1.5542168674698797,17.833959293394777,757.1999999999999,1.224978292607971,0.9518243987054478
2018-06-01,21.136666666666667,25.84,15.933333333333334,22.700000000000003,156.9,815.5,17.613333333333333,3.6589297301234183,-134.2,-11538.610000000002,6.88157894736842,17.539237071172554,776.0999999999999,1.3830537686367836,1.2551853748067563
2018-07-01,25.570967741935487,31.296774193548387,20.04516129032258,0.0,187.8,833.36,17.06451612903226,8.093230805392238,-187.8,-11726.410000000002,1878.0,17.437086533538146,775.1999999999999,1.3755263650163643,1.316464168183679
2018-08-01,26.348387096774193,31.822580645161292,20.86774193548387,1.7,175.15,751.0,18.067741935483873,8.870650160230944,-173.45000000000002,-11899.860000000002,97.30555555555556,17.329559651817718,775.4999999999999,1.3780354995565036,1.339923423425955
2018-09-01,24.546666666666667,29.53666666666667,20.2,21.900000000000002,123.48,531.09,17.293333333333333,7.068929730123418,-101.58,-12001.440000000002,5.612727272727272,17.427059651817718,786.6999999999999,1.4717098557217265,1.508285360784771
2018-10-01,19.154838709677417,23.706451612903226,15.509677419354839,96.8,92.01,429.39,18.219354838709677,1.6771017731341686,4.789999999999992,-11996.650000000001,0.9495356037151704,17.408511264720943,852.5999999999999,2.0228830763724543,1.9775942611724722
2018-11-01,15.196666666666665,19.459999999999997,11.93,90.7,67.22,301.92,20.673333333333332,-2.281070269876583,23.480000000000004,-11973.170000000002,0.7403083700440529,17.51517793138761,842.2,1.9358997456476061,1.876762792070446
2018-12-01,12.067741935483872,17.061290322580643,8.319354838709677,51.6,46.37,278.4,14.432258064516128,-5.409995001059377,5.230000000000004,-11967.940000000002,0.8969052224371372,17.596629544290835,775.3,1.376362743196411,1.4765937019878177
2019-01-01,9.951612903225806,13.716129032258063,6.661290322580645,123.8,47.79,286.95,21.5258064516129,-7.526124033317442,76.00999999999999,-11891.930000000002,0.38571428571428573,17.470823092677932,839.8,1.9158266693264865,1.9416316561704603
2019-02-01,10.632142857142856,15.703571428571427,6.392857142857143,20.1,66.92,409.71999999999997,16.489285714285714,-6.845594079400392,-46.82,-11938.750000000002,3.3128712871287127,17.53064452124936,750.3,1.167268198184754,1.3164022704125913
2019-03-01,12.803225806451612,17.951612903225808,8.37741935483871,45.1,88.29,542.5600000000001,17.048387096774192,-4.674511130091636,-43.190000000000005,-11981.940000000002,1.9533185840707965,17.47903161802355,643.1999999999999,0.2715071673548145,0.6539723242309534
2019-04-01,14.963333333333333,19.19333333333333,11.05,55.2,110.42,663.12,20.466666666666665,-2.5144036032099155,-55.22,-12037.160000000002,1.9967450271247738,17.42403161802355,604.2,-0.0546803228633697,0.4221651715071422
2019-05-01,18.23548387096774,23.35483870967742,12.83548387096774,25.7,152.52,796.83,18.651612903225807,0.7577469344244925,-126.82000000000001,-12163.980000000001,5.911627906976745,17.55064452124936,555.3000000000001,-0.46366925290617084,-0.10594661141396834
2019-06-01,23.083333333333332,28.733333333333334,17.173333333333336,0.30000000000000004,182.4,839.8,19.490000000000002,5.605596396790084,-182.1,-12346.080000000002,456.0,17.712866743471583,532.9,-0.6510179652366164,-0.40243693492453164
2019-07-01,27.57741935483871,33.38387096774194,21.664516129032258,0.1,219.02,831.13,22.006451612903227,10.099682418295462,-218.92000000000002,-12565.000000000002,1095.1,17.88007104454685,533.0,-0.6501815870565696,-0.5950627985497665
2019-08-01,26.980645161290322,32.15806451612903,22.374193548387098,6.0,171.38,721.91,18.567741935483873,9.502908224747074,-165.38,-12730.380000000001,28.095081967213115,17.93275921658986,537.3000000000001,-0.614217325314564,-0.5451112972819108
2019-09-01,23.993333333333332,29.076666666666664,19.666666666666668,37.4,127.51,570.68,18.243333333333332,6.515596396790084,-90.11000000000001,-12820.490000000002,3.400266666666667,17.886648105478752,552.8,-0.48457870740733755,-0.4741145538442038
2019-10-01,20.219354838709677,25.596774193548388,15.880645161290323,20.900000000000002,103.75,466.29,17.812903225806455,2.7416179021664284,-82.85,-12903.340000000002,4.94047619047619,17.975357782898104,476.9,-1.1193897460627285,-1.0165866196576843
2019-11-01,14.92,18.063333333333333,12.156666666666666,130.4,72.13,281.98,27.13,-2.5577369365432485,58.27000000000001,-12845.070000000002,0.55272030651341,17.95230222734255,516.6,-0.7873476085842165,-0.8012442740432277
2019-12-01,13.670967741935485,17.532258064516128,10.33548387096774,26.8,61.18,269.65,21.948387096774194,-3.8067691946077638,-34.379999999999995,-12879.45,2.274349442379182,18.085904377880183,491.8,-0.9947693972357805,-1.0464213453220044
2020-01-01,10.519354838709678,15.703225806451613,6.509677419354839,26.599999999999998,50.2,309.06,13.329032258064515,-6.958382097833571,-23.600000000000005,-12903.050000000001,1.8801498127340825,18.133216205837176,394.59999999999997,-1.8077289882411038,-1.6629850431275817
2020-02-01,13.006896551724138,18.986206896551725,8.179310344827586,0.0,75.59,433.4,15.46206896551724,-4.470840384819111,-75.59,-12978.640000000001,755.9,18.33111234705228,374.5,-1.9758410024304758,-1.8410649305471833
2020-03-01,14.564516129032258,19.190322580645162,10.670967741935485,40.6,102.35,540.72,23.283870967741933,-2.9132208075109904,-61.74999999999999,-13040.390000000001,2.5147420147420143,18.477886540600668,370.0,-2.013478020532574,-1.9559471936861401
2020-04-01,16.23,20.64333333333333,12.403333333333334,94.6,106.0,618.27,20.796666666666667,-1.247736936543248,-11.400000000000006,-13051.79,1.119324181626188,18.583442096156222,409.4,-1.6839450175942026,-1.6847111607793996
2020-05-01,20.358064516129033,26.05806451612903,15.025806451612903,13.100000000000001,167.86,806.49,21.106451612903225,2.880327579585785,-154.76000000000002,-13206.550000000001,12.716666666666667,18.760323816586332,396.8,-1.7893286682800775,-1.8576535331987143
2020-06-01,23.09,28.506666666666668,17.323333333333334,17.099999999999998,184.59,830.91,19.48,5.612263063456751,-167.49,-13374.04,10.731976744186047,18.760879372141886,413.6,-1.648817134032244,-1.7672208896394375
2020-07-01,26.729032258064517,32.593548387096774,20.61935483870968,0.0,208.18,849.78,19.070967741935487,9.251295321521269,-208.18,-13582.220000000001,2081.7999999999997,18.690180447410704,413.5,-1.6496535122122906,-1.7007426834911399
2020-08-01,27.27741935483871,33.01935483870968,21.88064516129032,4.8,193.49,761.84,19.548387096774192,9.799682418295461,-188.69,-13770.910000000002,39.48775510204082,18.714911630206405,412.29999999999995,-1.6596900503728507,-1.8450263878968032
2020-09-01,23.09,28.12,18.616666666666667,24.4,130.6,575.39,18.793333333333333,5.612263063456751,-106.19999999999999,-13877.110000000002,5.330612244897959,18.639633852428627,399.3,-1.7684192137789119,-1.9446199015770718
2020-10-01,18.606451612903225,24.200000000000003,14.12258064516129,39.2,108.64,478.7,18.864516129032257,1.1287146763599765,-69.44,-13946.550000000003,2.7643765903307886,18.505225250278087,417.6,-1.6153620068303787,-1.8616149905483326
2020-11-01,16.673333333333332,21.346666666666668,12.883333333333333,63.5,72.04,296.58,16.773333333333333,-0.8044036032099164,-8.540000000000006,-13955.090000000004,1.1327044025157234,18.6513363613892,350.7,-2.1748990092815736,-2.275153999185925
2020-12-01,12.393548387096773,16.174193548387095,9.393548387096773,136.0,53.25,254.69,22.783870967741933,-5.084188549446475,82.75,-13872.340000000004,0.39125642909625274,18.544884748485973,459.9,-1.2615740366706552,-1.5501454064345213
2021-01-01,11.674193548387096,15.448387096774193,8.570967741935483,62.9,60.45,306.05,23.296774193548387,-5.803543388156152,2.4499999999999957,-13869.890000000003,0.9595238095238096,18.641121307625756,496.2,-0.957968757313729,-1.3889017127508028
2021-02-01,14.114285714285714,18.95357142857143,10.292857142857143,15.9,82.49,394.06,22.575,-3.3634512222575346,-66.58999999999999,-13936.480000000003,5.155625,18.73340373783922,512.1,-0.8249846266863148,-1.333193718771782
2021-03-01,13.174193548387096,18.4,8.66451612903226,51.7,95.74,571.56,17.812903225806455,-4.303543388156152,-44.03999999999999,-13980.520000000004,1.848262548262548,18.617543522785457,523.2,-0.7321466487011388,-1.2235727661752884
2021-04-01,15.763333333333332,20.403333333333332,11.426666666666668,45.1,115.65,651.71,19.456666666666667,-1.7144036032099166,-70.55000000000001,-14051.070000000003,2.558628318584071,18.57865463389657,473.7,-1.1461538478242204,-1.589698082159626
2021-05-01,19.63225806451613,24.896774193548385,14.606451612903227,16.1,156.42,783.5,21.4,2.154521127972881,-140.32,-14191.390000000003,9.655555555555553,18.51817076292883,476.7,-1.1210625024228216,-1.500317700708843
2021-06-01,23.56,28.703333333333333,18.28666666666667,5.6000000000000005,178.6,775.11,22.183333333333334,6.08226306345675,-173.0,-14364.390000000003,31.333333333333332,18.557337429595496,465.2,-1.2172459931281838,-1.5344233725782208
2021-07-01,26.9,32.76774193548387,21.016129032258064,1.0,199.89,827.2,19.39032258064516,9.42226306345675,-198.89,-14563.280000000002,181.7181818181818,18.57158474142345,466.2,-1.2088822113277176,-1.4769203432376548
2021-08-01,27.29032258064516,33.07741935483871,22.0258064516129,0.8999999999999999,180.96,739.33,19.467741935483872,9.812585644101912,-180.06,-14743.340000000002,180.96000000000004,18.572660010240654,462.3,-1.241500960349536,-1.4235025667888825
2021-09-01,25.183333333333334,30.616666666666667,20.683333333333334,10.4,145.76,589.28,20.89333333333333,7.705596396790085,-135.35999999999999,-14878.700000000003,13.88190476190476,18.7471044546851,448.3,-1.3585939055560639,-1.6039964672809084
2021-10-01,19.432258064516127,24.39032258064516,14.990322580645161,14.200000000000001,104.62,466.40000000000003,17.451612903225808,1.9545211279728782,-90.42,-14969.120000000003,7.316083916083916,18.815921658986174,423.3,-1.567688450567721,-1.7338579910231124
2021-11-01,14.113333333333333,16.903333333333332,12.006666666666666,280.3,51.46,247.08,24.696666666666665,-3.364403603209915,228.84,-14740.280000000002,0.18352353780313835,18.602588325652842,640.1,0.24557944377336977,-0.2645287009409131
2021-12-01,12.135483870967741,16.541935483870965,8.729032258064517,54.4,56.56,286.03,20.29032258064516,-5.342253065575507,-2.1600000000000037,-14742.440000000002,1.0377981651376147,18.581082949308755,558.5,-0.4369051511446793,-0.7901026752474241
2022-01-01,9.764516129032257,14.932258064516128,5.438709677419355,15.299999999999999,55.65,339.55,16.596774193548388,-7.713220807510991,-40.35,-14782.790000000003,3.6136363636363638,18.421943164362517,510.90000000000003,-0.8350211648468743,-1.0550251355032083
2022-02-01,11.603571428571428,16.7,7.514285714285714,23.4,64.17,389.08,16.50357142857143,-5.874165507971821,-40.77,-14823.560000000003,2.7306382978723405,18.212716973886327,518.4,-0.7722928013433775,-0.8952050905545081
2022-03-01,13.425806451612903,17.551612903225806,9.793548387096775,108.0,85.42999999999999,464.95,18.706451612903226,-4.051930484930345,22.570000000000007,-14800.990000000003,0.7902867715078631,18.233684715821813,574.7,-0.3014118859771251,-0.48290403733867115
2022-04-01,14.53,18.586666666666666,10.633333333333333,114.6,105.15,625.17,23.343333333333337,-2.947736936543249,9.449999999999989,-14791.540000000003,0.9167393199651266,18.130906938044035,644.2,0.2798709491552817,0.012278131363729402
2022-05-01,19.72258064516129,25.106451612903225,14.229032258064517,56.7,152.83,796.68,17.532258064516128,2.244843708618042,-96.13000000000001,-14887.670000000002,2.690669014084507,18.138433819764465,684.8,0.6194404902542121,0.28580438180071865
2022-06-01,24.509999999999998,30.146666666666665,18.546666666666667,1.0,186.15,811.29,18.796666666666667,7.03226306345675,-185.15,-15072.820000000002,169.22727272727272,18.21760048643113,680.2,0.580967093972068,0.2105985899290416
2022-07-01,27.006451612903227,32.90967741935484,20.88064516129032,0.30000000000000004,202.72,835.3100000000001,20.5258064516129,9.528714676359979,-202.42,-15275.240000000002,506.79999999999995,18.226471454173065,679.5000000000001,0.5751124467117422,0.1887486767350483
2022-08-01,27.729032258064517,33.91612903225807,21.383870967741935,0.9,203.59,762.75,21.851612903225806,10.251295321521269,-202.69,-15477.930000000002,203.59,18.263030593958014,679.5,0.5751124467117412,0.04867402076335586
2022-09-01,25.246666666666666,30.41,21.03666666666667,21.4,139.62,556.67,19.926666666666666,7.768929730123418,-118.22,-15596.150000000001,6.493953488372093,18.268308371735788,690.5,0.6671140465168703,0.15476680040784524
2022-10-01,22.509677419354837,28.9,17.46451612903226,10.5,116.06,489.75,15.258064516129032,5.031940482811589,-105.56,-15701.710000000001,10.949056603773586,18.524759984639015,686.8000000000001,0.6361680538551456,0.061053574980915896
2022-11-01,17.07,21.753333333333334,13.236666666666668,55.699999999999996,77.62,325.16,20.576666666666664,-0.40773693654324816,-21.92000000000001,-15723.630000000001,1.3910394265232977,18.771148873527906,462.2,-1.2423373385295826,-1.4910949328167609
2022-12-01,15.19032258064516,20.1,11.670967741935485,38.2,63.58,279.17,17.677419354838708,-2.287414355898088,-25.379999999999995,-15749.01,1.6600522193211487,19.025718766001024,446.0,-1.3778306036971364,-1.6348215572826323
2023-01-01,10.896774193548387,15.0,7.738709677419355,105.9,54.97,300.89,17.858064516129033,-6.580962742994862,50.93000000000001,-15698.08,0.5185849056603773,19.1200736047107,536.6,-0.6200719725748908,-1.0698187027931925
2023-02-01,10.960714285714285,15.867857142857144,6.978571428571429,49.7,61.53,378.05,18.36785714285714,-6.517022650828963,-11.829999999999998,-15709.91,1.2355421686746988,19.066502176139274,562.9000000000001,-0.4001045112226269,-0.8906865532650993
2023-03-01,14.287096774193548,19.406451612903226,9.606451612903227,41.199999999999996,101.97,586.6,18.03548387096774,-3.1906401623497,-60.77,-15770.68,2.4690072639225185,19.13827636968766,496.1,-0.9588051354937753,-1.406542577510826
2023-04-01,17.103333333333335,22.720000000000002,11.163333333333332,4.7,146.01,744.9,19.23,-0.37440360320991317,-141.31,-15911.99,30.41875,19.352720814132102,386.2,-1.8779847553650204,-2.339713374430501
2023-05-01,18.151612903225807,22.374193548387098,14.135483870967741,95.5,129.86,713.58,18.95483870967742,0.6738759666825587,-34.360000000000014,-15946.35,1.3583682008368203,19.22180683563748,425.0,-1.5534700215069284,-1.9573708424211596
2023-06-01,22.85,27.76,17.85,36.2,158.34,770.84,17.67,5.372263063456753,-122.14,-16068.49,4.36198347107438,19.083473502304148,460.20000000000005,-1.2590649021305147,-1.5673529867969302
2023-07-01,29.154838709677417,34.88709677419355,23.68064516129032,0.8,206.37,824.64,17.12258064516129,11.677101773134169,-205.57,-16274.06,229.3,19.262505760368665,460.7,-1.2548830112302822,-1.5868507846895878
2023-08-01,26.82903225806452,32.693548387096776,21.151612903225807,5.0,184.08,771.53,17.40967741935484,9.35129532152127,-179.08,-16453.14,36.09411764705883,19.187505760368662,464.8,-1.22059150584837,-1.4407101471512915
